Unnamed: 0,type,dataset,country,id,weight
578,person,MC1,Country_271835,Brian Palmer,0
1055,organization,MC1,,695031,0
564,organization,MC1,,5441,0
2297,organization,MC1,,33,0
2692,political_organization,MC1,,12358151,0
2293,person,MC1,Country_271835,Amanda Rogers,0
1835,,MC1,,âbossesâ,0
298,company,MC1,Country_271835,Belgian Scallop Ltd. Liability Co,0
443,,MC1,,œGuï,0
976,organization,MC1,,119411,0
985,,MC1,,âpresumedâ,0
1414,location,MC1,,e39609a3-b437-41c2-b114-e21dc69a9bb1,0
3047,company,MC1,Country_271835,Mar de Estrellas Oyj Carriers,0
1655,vessel,MC1,,waterâs,0
2474,,MC1,,The Defendantsâ,0
506,event,MC1,,Octopus,0
2127,person,MC1,Country_271835,Jennifer Johnson,0
238,person,MC1,Syrithania,Ashley Davis,0
1344,person,MC1,Country_271835,Kathleen Gates,0
3286,,MC1,,OJSC Ltd. Liability Co,0
139,location,MC1,,602ea158-0519-47fc-badc-787721580418,0
1431,person,MC1,Country_271835,Nichole Kline,0
999,,MC1,,âprotectedâ,0
32,person,MC1,Osterivaria,Stephanie Mccormick MD,0
495,person,MC1,Country_271835,Taylor Chan,0
2713,location,MC1,,da243ebe-ea98-4510-a6a8-add6679f9d1a,0
1681,organization,MC1,,5383294,0
1146,event,MC1,,ï¬shes,0
1149,person,MC1,Country_271835,Andrew Miller,0
3122,,MC1,,Lake Mweru A/S Carriers,0
1370,person,MC1,Country_271835,Elaine Duncan,0
2641,organization,MC1,,3868221,0
3262,,MC1,,Sea Breezes GmbH & Co. KG Lighthouse,0
3321,,MC1,,Hudsons Bay,0
2110,person,MC1,Country_990614,Samuel Dunn,0
3008,,MC1,,Aicrowe Biotech Co,0
2732,person,MC1,Country_271835,David Schwartz,0
325,organization,MC1,,9488645,0
2012,person,MC1,Country_271835,Michael Frederick,0
51,organization,MC1,,755,0
557,organization,MC1,,435978092,0
889,location,MC1,,7cc6bfba-4893-444b-a641-a7d0b48fa427,0
1813,organization,MC1,,520673,0
3239,,MC1,,Sea Harvest,0
1042,person,MC1,Country_271835,Michele Hernandez,0
450,,MC1,,œß,0
2952,organization,MC1,,313441257,0
859,company,MC1,Marebak,Tshikwea Corp Marine sanctuary,0
2974,person,MC1,Country_193919,Ronald Gray,0
761,organization,MC1,,591787,0
2886,political_organization,MC1,,45310570,0
2016,person,MC1,Country_144251,Laura Joseph,0
2714,vessel,MC1,,Bulk Carrier,0
1420,organization,MC1,,7892,0
3375,,MC1,,Lake Tanganyika Sea AS Shipping,0
144,organization,MC1,,551,0
2189,person,MC1,Country_271835,Eric Rogers,0
2597,,MC1,,Menardsâ,0
1973,location,MC1,,1416a29d-3719-45d6-95a8-782c4e281908,0
463,,MC1,,œVï,0
194,location,MC1,,b20c0baf-8530-4a84-a5b6-8da324ebebdb,0
2252,organization,MC1,,54055,0
1134,organization,MC1,,977,0
1213,person,MC1,Country_271835,Julie Parks,0
70,organization,MC1,,955425,0
1600,organization,MC1,,449820,0
1897,person,MC1,Country_271835,Brandon Hughes,0
1426,person,MC1,Country_271835,Trevor Brown,0
411,organization,MC1,,761,0
2342,person,MC1,Country_271835,Daniel Mcclain,0
2438,organization,MC1,,36506,0
1206,organization,MC1,,9977227,0
2030,person,MC1,Country_271835,Andrew Graves,0
1728,person,MC1,Country_271835,James Berry,0
1798,organization,MC1,,8967466,0
2374,,MC1,,âEmanuelââif,0
742,,MC1,,International-Convention,0
1514,organization,MC1,,82408558,0
807,person,MC1,Country_271835,Thomas Rivas,0
52,organization,MC1,,860067396,0
1556,person,MC1,Country_271835,Mary Montoya,0
785,,MC1,,Mexicoâs YucatÃ,0
134,organization,MC1,,964,0
183,company,MC1,Oceanus,Turkish Sword Buoy Incorporated Forwading,0
3181,,MC1,,West Bengal S.A. de C.V.,0
3258,,MC1,,Ntaco,0
3343,,MC1,,Irtysh - Inc Distribution,0
289,political_organization,MC1,,49048884,0
2819,person,MC1,Country_271835,Emily Smith,0
331,location,MC1,,d7f220de-bba2-4965-9c15-3dd38ef5c3c7,0
76,political_organization,MC1,,85117949,0
1977,organization,MC1,,869422192,0
990,company,MC1,Country_271835,xu y Ltd. Corporation,0
17,organization,MC1,,650512,0
402,person,MC1,Country_271835,Andrea Peters,0
203,vessel,MC1,,Cutter,0
1927,person,MC1,Country_271835,Ryan Perez,0
3417,,MC1,,W&O Supply,0
594,person,MC1,Country_271835,Sarah Clark,0
2067,organization,MC1,,76030,0
2599,person,MC1,Country_670336,Melissa Gonzalez,0
3101,person,MC1,Country_271835,Curtis Grant,0
811,organization,MC1,,31894357,0
2425,person,MC1,Country_271835,Matthew Sutton,0
2619,,MC1,,âminingâ,0
291,person,MC1,Country_271835,Andrea Hansen,0
3367,,MC1,,Spanish Red Snapper GmbH Shipping,0
1861,organization,MC1,,9697,0
781,person,MC1,Oceanterra,Evelyn Huang,0
2978,organization,MC1,,6513816,0
665,location,MC1,,dff423b9-cf9a-4b0a-849f-ecb513924287,0
2534,,MC1,,âinconsistenciesâ,0
26,,MC1,,âVikingâ,0
314,company,MC1,Country_271835,Norwegian Shrimp Ltd. Liability Co,0
2985,person,MC1,Country_271835,Kenneth Fox,0
1268,location,MC1,,65fea097-e838-4be6-9889-83f5361fe777,0
1651,organization,MC1,,55394387,0
2984,political_organization,MC1,,73470062,0
2672,location,MC1,,d6d0741c-39d9-4b94-8b39-b5d2ad1669b9,0
829,person,MC1,Country_271835,Parker Jones,0
2563,,MC1,,ExportaÃ,0
309,organization,MC1,,40690,0
184,organization,MC1,,498817,0
2452,political_organization,MC1,,94047,0
1103,location,MC1,,f7a4114d-d1ca-44df-a7e0-c72e440671ba,0
2257,location,MC1,,57c81b3c-882b-4824-91a0-7114be0fa5c7,0
2269,organization,MC1,,111856,0
30,organization,MC1,,2079436,0
3015,vessel,MC1,,AirPods,0
1501,organization,MC1,,10880329,0
2602,,MC1,,Â£10,0
2793,political_organization,MC1,,3105981,0
2801,organization,MC1,,3874,0
486,organization,MC1,,826273,0
170,person,MC1,Vesperanda,Ms. Stephanie Rivera DDS,0
3141,,MC1,,Uttar Pradesh Sp,0
2008,,MC1,,Navigation Corp,0
1963,person,MC1,Country_271835,Robert Edwards,0
1886,location,MC1,,c600d751-cc48-4e8e-800e-63ec87a4239f,0
2548,person,MC1,Country_271835,Brian Dennis,0
1613,,MC1,,allAfrica,0
1345,location,MC1,,6b58646e-1d3a-4b72-b8a0-9f57c296d73d,0
2083,organization,MC1,,382825160,0
3093,person,MC1,Country_271835,Ray Howard,0
1736,political_organization,MC1,,59600,0
3229,,MC1,,Blue Bay,0
3163,,MC1,,McLeanâs,0
2615,person,MC1,Country_271835,Jonathan Moody,0
838,person,MC1,Country_542476,Thomas Morales,0
1601,organization,MC1,,6406914,0
897,organization,MC1,,990,0
776,company,MC1,Country_271835,Playa de Coral GmbH Consultants,0
2321,political_organization,MC1,,73,0
1357,organization,MC1,,911243414,0
1826,organization,MC1,,7490484,0
2995,location,MC1,,c2d2e029-6f38-4148-9079-15615103cea6,0
414,,MC1,,âdevil vesselsâ,0
864,organization,MC1,,519994690,0
3118,,MC1,,Guessl,0
1422,organization,MC1,,1415,0
3106,location,MC1,,f514483d-fb5f-4cb2-bb8d-b616b10336d8,0
1909,organization,MC1,,945,0
2560,political_organization,MC1,,296837,0
1656,location,MC1,,950ce1a6-a178-4e3e-9316-91ab7ca88664,0
192,organization,MC1,,4348721,0
2906,location,MC1,,4843b052-8f18-4298-9464-d780feb5ddad,0
3290,,MC1,,âbracatinga,0
2473,,MC1,,âoriginaldragoncoveâ,0
2649,person,MC1,Country_271835,Tyler Jones,0
721,political_organization,MC1,,40952,0
2401,person,MC1,Country_271835,Larry Morrow,0
2042,organization,MC1,,1625166,0
764,,MC1,,âsinkâ,0
2574,company,MC1,Country_982684,Olas del Sur Inc,0
736,,MC1,,ipoa-iuu,0
322,organization,MC1,,47924922,0
2211,person,MC1,Country_271835,Carlos Rose,0
1898,,MC1,,âSaikoâ,0
1174,location,MC1,,259e9338-b33e-4dc7-843a-96a720d22d9b,0
80,organization,MC1,,95,0
1044,person,MC1,Country_271835,Jennifer Brown,0
573,,MC1,,europeansting,0
93,organization,MC1,,425887173,0
2736,person,MC1,Country_271835,Hannah Little,0
842,person,MC1,Country_271835,Mary Lucas,0
1675,organization,MC1,,6980,0
3166,,MC1,,Ex-Lax,0
410,organization,MC1,,4764109,0
1288,political_organization,MC1,,91,0
1783,organization,MC1,,6107715,0
1298,organization,MC1,,863749817,0
1956,location,MC1,,3051e013-9e40-44cc-98e5-740e3238daaa,0
2117,company,MC1,Country_271835,Simien Mountains  Company Delivery,0
1242,,MC1,,âdisasterâ,0
905,person,MC1,Country_204272,David Larsen,0
1803,person,MC1,Country_271835,Adam Cook,0
1850,,MC1,,MCDP,0
2121,person,MC1,Country_271835,Jeffrey Strong,0
1116,person,MC1,Country_271835,Chris Grant,0
831,organization,MC1,,33681303,0
3325,,MC1,,USINC,0
2398,person,MC1,Country_271835,Michael Hansen,0
1525,person,MC1,Country_271835,Helen Chase,0
3408,,MC1,,Semas 260 Rural,0
997,,MC1,,âwidespreadâ,0
442,,MC1,,qï¿œî,0
1565,vessel,MC1,,diesel,0
166,,MC1,,Armed Robberyâ,0
798,person,MC1,Country_981995,Kenneth Jones,0
2304,person,MC1,Country_945731,Linda Jones,0
869,company,MC1,Country_271835,Turkish Sword Ltd Export,0
3154,,MC1,,Playa de la Felicidad NV,0
3129,,MC1,,Fisherman'sFriend Charter Boat S.A. de C.V. Freight ,0
1744,vessel,MC1,,Talleyâs,0
2080,political_organization,MC1,,288971672,0
461,,MC1,,œMSssï,0
2364,organization,MC1,,914,0
2570,organization,MC1,,400,0
2340,political_organization,MC1,,626,0
257,organization,MC1,,85052185,0
1490,person,MC1,Country_271835,Margaret Ward,0
893,organization,MC1,,98703,0
299,,MC1,,ânecessaryâ,0
2011,person,MC1,Helixia,John Jensen,0
2084,person,MC1,Country_271835,Laura Hughes,0
1477,person,MC1,Country_216139,Adam Gutierrez,0
229,organization,MC1,,94,0
279,organization,MC1,,1396,0
2107,location,MC1,,f59ca3ce-7fea-4a6b-893b-486565a8ab18,0
174,location,MC1,,aea12579-8802-4b2d-b432-fc35fe4d10d5,0
2112,organization,MC1,,2362,0
295,event,MC1,,April,0
2704,location,MC1,,61208e37-a326-4cf5-a571-f8bdd6f2dbf7,0
1461,person,MC1,Country_271835,Angela Wright,0
1517,event,MC1,,âcatch,0
321,organization,MC1,,529,0
196,organization,MC1,,21538,0
3280,,MC1,,Aqua Ambassadors Limited Liability Company,0
102,vessel,MC1,,Marine,0
1071,,MC1,,Fisheries Animal Industriesâ,0
1752,company,MC1,Country_322527,Diao yu bi sai Tidal BV Export,0
805,movement,MC1,,days,0
239,organization,MC1,,924,0
937,vessel,MC1,,626,0
2372,person,MC1,Country_271835,Scott Edwards,0
2230,person,MC1,Country_271835,Seth Kelley,0
1178,person,MC1,Oceanus,Rebecca Fox,0
881,person,MC1,Country_271835,Allison Leonard,0
965,company,MC1,Country_271835,Ola de la Costa S.A. de C.V.,0
1395,person,MC1,Country_271835,David Nunez MD,0
3137,,MC1,,Sonia Fisheries Pvt,0
2818,person,MC1,Country_271835,Andrea White,0
1053,organization,MC1,,7234,0
2171,location,MC1,,76b8e150-91b4-494d-8ef6-6af706b397eb,0
802,person,MC1,Country_271835,Miss Angel Thomas,0
44,person,MC1,Country_271835,Joseph Gray,0
3090,person,MC1,Country_271835,Kelly Mccarthy,0
387,organization,MC1,,222848436,0
315,company,MC1,Nalakond,Rajasthan Limited Liability Company,0
2234,person,MC1,Country_271835,Miguel Harrison,0
2420,political_organization,MC1,,6352,0
1117,person,MC1,Country_271835,Angela Orr,0
2761,person,MC1,Country_271835,Seth Benjamin,0
58,organization,MC1,,526269,0
978,location,MC1,,8041aa28-8c50-4083-a528-469c0c6251d9,0
2603,location,MC1,,f64e747e-13de-4628-b939-92a8ff4eb03f,0
1818,person,MC1,Country_996415,Danielle Sosa,0
1377,,MC1,,âtransshipmentâ,0
862,person,MC1,Country_271835,Brandon Jackson,0
2356,organization,MC1,,93380783,0
1006,organization,MC1,,492238508,0
2053,person,MC1,Country_271835,Katrina Nguyen,0
1292,person,MC1,Country_271835,James Hall,0
599,person,MC1,Country_271835,Matthew Martin,0
1833,political_organization,MC1,,428949,0
2210,person,MC1,Country_271835,Melissa Bates,0
1832,political_organization,MC1,,28422,0
3257,,MC1,,Bloomberg,0
1624,person,MC1,Country_271835,Laurie Mclaughlin,0
596,organization,MC1,,737137552,0
2512,person,MC1,Country_271835,Michael Alvarez,0
358,organization,MC1,,951093,0
240,organization,MC1,,865275,0
1660,location,MC1,,0d1c7ce3-7243-47c0-9280-a3262b52dc0f,0
2636,person,MC1,Country_470077,Christopher Fields,0
1397,person,MC1,Country_271835,Thomas Diaz,0
3103,,MC1,,2030â,0
2308,organization,MC1,,739622,0
2584,,MC1,,meridaâ,0
1034,organization,MC1,,54073418,0
2014,organization,MC1,,54726,0
2493,location,MC1,,6ffd3349-37f4-48c5-bc9a-1b80e722e939,0
152,person,MC1,Country_271835,Brian Nelson,0
1737,movement,MC1,,Greenwich,0
3043,,MC1,,âshark finâ,0
1362,person,MC1,Country_271835,Gary Butler,0
3125,,MC1,,SeaSpray Wave SRL Solutions,0
256,organization,MC1,,7361,0
527,,MC1,,cyaneaâ,0
1642,person,MC1,Country_271835,Stacey Ortiz,0
3250,,MC1,,The Salty Dog Tidepool Kga Transport,0
2366,,MC1,,Refugee Benefitsâ,0
2803,political_organization,MC1,,80,0
2404,,MC1,,wgbh,0
759,organization,MC1,,7529,0
178,organization,MC1,,12,0
1763,organization,MC1,,618,0
2484,person,MC1,Country_271835,Brent Young,0
2990,organization,MC1,,573756802,0
1718,person,MC1,Country_271835,Stacy Castillo,0
438,,MC1,,pï¿œï,0
1483,,MC1,,th,0
2881,person,MC1,Country_271835,Martin Jones,0
1315,organization,MC1,,11,0
1023,person,MC1,Country_271835,Ronnie Burns,0
393,vessel,MC1,,Coast,0
14,person,MC1,Country_271835,Joseph Griffin,0
439,,MC1,,œï¿œï,0
173,,MC1,,âunregulatedâ,0
1102,organization,MC1,,44396,0
3212,,MC1,,Trammellâs,0
1577,location,MC1,,fdcbe098-dbe6-4e52-8bd7-96cf3ae30101,0
1459,event,MC1,,week,0
1971,organization,MC1,,62,0
2045,person,MC1,Country_271835,Robert Garcia,0
2176,location,MC1,,cc3c9a3e-9226-43e0-9c2e-2cabec77b0fc,0
554,movement,MC1,,conjunction,0
874,location,MC1,,e13aca6a-88b5-4be7-a293-4a57854d7b1d,0
3322,,MC1,,Group Co Marine life,0
1334,person,MC1,Country_271835,Scott Wallace,0
1157,organization,MC1,,647724,0
3426,,MC1,,Norwegian Shrimp N.V. -,0
432,,MC1,,iJPkï,0
871,person,MC1,Country_271835,Lindsey Palmer,0
63,political_organization,MC1,,6406040,0
266,person,MC1,Country_271835,Kimberly Palmer,0
2600,company,MC1,Country_246944,Pregolya Delivery Cruise ship,0
1954,person,MC1,Country_271835,Kevin Morris,0
157,organization,MC1,,5810,0
3151,,MC1,,Reunion,0
3010,organization,MC1,,9507963,0
2345,person,MC1,Zambalantis,Michael Andrews,0
254,organization,MC1,,26261586,0
2332,political_organization,MC1,,51,0
927,person,MC1,Syrithania,Michelle Hancock,0
1017,location,MC1,,36b70b18-465a-442f-bfbe-cedb85d48acc,0
680,location,MC1,,c9b9c344-98ec-40b8-af05-8528e5d82534,0
124,organization,MC1,,7298083,0
1295,vessel,MC1,,Coast Guard Cutter Edgar Culbertson,0
263,organization,MC1,,908724,0
1948,person,MC1,Country_271835,Joseph Smith,0
3221,,MC1,,Mar de la Costa Ges.m.b.H.,0
538,,MC1,,âo,0
867,organization,MC1,,691192,0
3308,,MC1,,Agua TransiciÃ³n EcolÃ³gica,0
3360,,MC1,,Pb Brasil Industries,0
1583,organization,MC1,,4962642,0
1351,organization,MC1,,8226730,0
1572,organization,MC1,,60910422,0
88,organization,MC1,,651,0
2579,person,MC1,Country_746165,John Brown,0
610,person,MC1,Oceanus,Kristina Frazier,0
3056,person,MC1,Country_271835,Suzanne Reed,0
501,,MC1,,âartisanalâ,0
479,organization,MC1,,544344,0
544,person,MC1,Quandoria,Miss Jessica Baker DVM,0
3369,,MC1,,Bribes Exchange Smuggling Contraband,0
1322,organization,MC1,,60774,0
3324,,MC1,,Odisha Sea Dry dock LLC Consultants,0
120,location,MC1,,0715f2ea-3d11-4eaa-a0c4-fb3290896531,0
2562,person,MC1,Country_271835,Sean George,0
3196,,MC1,,Barco de Plata Ltd Logistics,0
1123,organization,MC1,,724,0
2313,person,MC1,Country_753331,Cody Baird,0
2276,organization,MC1,,81211950,0
2722,company,MC1,Country_271835,James Limited Liability Company Logistics,0
3389,,MC1,,Anthony Sailboat Co Shipping,0
2087,person,MC1,Country_271835,Kelsey Tucker,0
3309,,MC1,,Arunachal Pradesh Sp Marine mist,0
274,organization,MC1,,3785,0
109,location,MC1,,06430a2c-805a-4a76-bbda-2a24c0c860d7,0
1074,person,MC1,Country_271835,Christopher Hernandez,0
457,,MC1,,Nï,0
214,person,MC1,Country_271835,Natasha Phillips,0
2666,organization,MC1,,68273,0
1151,political_organization,MC1,,440994840,0
3219,,MC1,,OceanKings Sailor Corp Logistics,0
642,organization,MC1,,802113,0
511,location,MC1,,37e46ce7-3cfa-4805-a254-5549adf19805,0
368,organization,MC1,,41,0
1743,organization,MC1,,34285153,0
1749,organization,MC1,,86117,0
2400,person,MC1,Country_271835,Travis Rivera,0
2222,person,MC1,Country_271835,Sylvia Johnson,0
2417,organization,MC1,,8302,0
478,location,MC1,,693c9865-5633-40a1-bcb6-3f0dd68a41c4,0
1720,person,MC1,Country_271835,Matthew Mack,0
2769,movement,MC1,,three-hour,0
612,organization,MC1,,874124852,0
3252,,MC1,,Scottish Trout Limited Liability Company Transit,0
45,organization,MC1,,4,0
1419,organization,MC1,,497,0
1378,person,MC1,Marebak,Brooke Garza,0
2766,organization,MC1,,34487,0
218,person,MC1,Country_271835,James Best,0
1615,,MC1,,Â£9,0
2698,organization,MC1,,43454,0
3113,person,MC1,Country_271835,Jason Huff,0
2358,person,MC1,Country_271835,Jesse Thompson,0
940,political_organization,MC1,,27078926,0
3271,,MC1,,Â£1,0
332,,MC1,,fisheriesâ,0
251,organization,MC1,,144431,0
354,organization,MC1,,47562016,0
2874,person,MC1,Country_271835,Jessica Mullins,0
1545,,MC1,,âBHFâ,0
1896,,MC1,,âAwachaâ,0
3216,,MC1,,Blue Water Ventures Ltd. Liability Co,0
2960,person,MC1,Country_271835,Brittany Rivers,0
1261,vessel,MC1,,Deckhands,0
1022,person,MC1,Country_271835,Veronica Payne,0
1487,person,MC1,Country_271835,Sherry Richmond,0
3282,,MC1,,Mongabayâs,0
840,person,MC1,Country_271835,Christopher Daniel,0
2531,event,MC1,,ârequested,0
3084,location,MC1,,b8567859-bf54-49fd-8332-5775e19c65af,0
705,person,MC1,Country_271835,Gregory Moore,0
408,organization,MC1,,812740593,0
2478,organization,MC1,,775841,0
1196,company,MC1,Country_271835,OceanFront Foods Co Beach,0
1872,vessel,MC1,,sailboat Freeport,0
809,organization,MC1,,66030248,0
1391,organization,MC1,,5680682,0
3365,,MC1,,Estrella del Mar Pic,0
0,company,MC1,Nalakond,Spanish Shrimp  Carriers,0
1582,organization,MC1,,428,0
1283,person,MC1,Country_271835,Gabriela Graham,0
3297,,MC1,,Image ArtTower,0
1171,person,MC1,Country_271835,Elijah Gordon,0
2827,person,MC1,Country_271835,Brandi Johnson,0
2389,location,MC1,,b1d6e468-f3c5-45f3-90a2-e76b2f329b2d,0
1361,organization,MC1,,408119,0
423,,MC1,,œíï,0
2994,movement,MC1,,thirty days,0
1025,organization,MC1,,1360,0
2050,location,MC1,,74390fc5-8dc6-4511-a0a8-bc360409b805,0
1666,organization,MC1,,112156579,0
211,location,MC1,,03b6c1a6-dcd8-462f-9a7e-bf9ea7e0a987,0
605,company,MC1,Country_271835,Cape of Good Hope  Oyj,0
1237,organization,MC1,,4769248,0
346,person,MC1,Oceanus,Stephanie Hinton,0
270,organization,MC1,,277983365,0
1467,vessel,MC1,,FV Viking,0
2447,person,MC1,Country_271835,Janet Floyd,0
812,organization,MC1,,1225,0
324,political_organization,MC1,,12845006,0
746,company,MC1,Country_271835,Senegal Coast Oyj Motorboat,0
149,organization,MC1,,97453782,0
1188,person,MC1,Country_271835,James Sampson,0
175,location,MC1,,a7948099-0cab-4b80-8707-2ada931ac288,0
278,event,MC1,,âŠ,0
3300,,MC1,,Blue Water Ventures Kga,0
693,location,MC1,,87ea830d-be41-4317-8b1b-142f23da70d7,0
621,location,MC1,,30295c76-f2c6-4284-89fd-8f8fd082889b,0
3270,,MC1,,Edward Ferry SE Transportation,0
794,location,MC1,,21e68e53-183c-45a0-9805-68c099d4d9c0,0
551,organization,MC1,,1334578,0
2181,organization,MC1,,61679,0
33,person,MC1,Country_271835,Lisa Clay,0
179,organization,MC1,,27,0
1735,organization,MC1,,1576352,0
2760,person,MC1,Country_271835,Brandon Stone,0
416,person,MC1,Country_271835,Alexandria Wilson,0
907,organization,MC1,,14,0
1983,organization,MC1,,8876768,0
247,location,MC1,,3cda9d0b-77af-4e85-bef8-e935ca55ea06,0
1468,vessel,MC1,,FV Thunder,0
1385,event,MC1,,summer,0
1801,location,MC1,,a8330af0-375f-4fcb-9171-9628b26b1808,0
3311,,MC1,,Nautical Navigators Kga United,0
2910,location,MC1,,ce8495cf-fe04-40b3-aaa2-d0bc29131f92,0
2271,organization,MC1,,553828215,0
3007,organization,MC1,,353,0
1475,organization,MC1,,48115,0
3335,,MC1,,Prod,0
3427,,MC1,,Malabar Sea Catch Sp,0
567,person,MC1,Country_874023,Erica Mitchell,0
1392,political_organization,MC1,,47234884,0
1067,organization,MC1,,39893,0
2469,organization,MC1,,3657479,0
430,,MC1,,œB,0
449,,MC1,,œLï,0
1815,location,MC1,,6c348030-e9d4-4ddc-8ec8-30ac227c6a14,0
2024,organization,MC1,,7125,0
1200,organization,MC1,,996,0
1671,organization,MC1,,327277616,0
2213,person,MC1,Country_271835,Amber Green,0
2721,organization,MC1,,959344,0
433,,MC1,,œ5ï,0
1255,person,MC1,Country_271835,Michael Wagner,0
371,person,MC1,Country_271835,Amy Wilson,0
2821,person,MC1,Country_271835,Kenneth Warren,0
2555,person,MC1,Country_271835,Tiffany Leonard,0
678,organization,MC1,,36322,0
188,organization,MC1,,185106,0
2346,person,MC1,Country_271835,Lisa Gomez,0
2480,person,MC1,Country_271835,Veronica Lowe,0
1880,organization,MC1,,500633954,0
602,location,MC1,,ce0d446c-d08d-49a8-8aa2-e625ead63d0c,0
2587,person,MC1,Country_271835,Deborah Bell,0
3189,,MC1,,Rama Overseas,0
810,organization,MC1,,20571414,0
2490,person,MC1,Country_271835,Angel Burnett,0
2229,location,MC1,,4b0f0611-34ce-4733-81af-391943e272c0,0
1721,person,MC1,Country_271835,David Wilson,0
246,location,MC1,,6064a564-2a82-44b7-8614-3a33f25e41ba,0
1980,organization,MC1,,4627,0
1987,person,MC1,Country_271835,Craig Santiago,0
1702,,MC1,,intrafish,0
2179,person,MC1,Country_271835,April Perry,0
2963,location,MC1,,05d471b4-0e8c-4879-80b2-ef600220e09d,0
2460,person,MC1,Country_821432,Patrick Torres,0
2702,political_organization,MC1,,7577,0
2517,organization,MC1,,9411155,0
1807,event,MC1,,Tank,0
2025,person,MC1,Oceanus,Jorge Davidson,0
1667,organization,MC1,,64338295,0
932,person,MC1,Country_271835,David Weber,0
1399,person,MC1,Country_271835,Joanna Brown,0
1756,person,MC1,Country_271835,Denise Moore,0
485,organization,MC1,,46194,0
1894,person,MC1,Country_271835,Patricia Reyes,0
1272,person,MC1,Country_271835,Dr. Michelle Dominguez,0
1979,organization,MC1,,93252,0
1978,organization,MC1,,542341,0
2551,,MC1,,âKikoâ,0
929,,MC1,,GalÃ,0
2694,organization,MC1,,18668050,0
2481,,MC1,,âNinoâ,0
2111,person,MC1,Country_271835,John Avila,0
2687,organization,MC1,,148766,0
3087,,MC1,,2035/03,0
1742,person,MC1,Country_271835,Kevin Moreno,0
2699,person,MC1,Country_19028,Carmen Mendez,0
1097,event,MC1,,â¬7,0
296,organization,MC1,,5705060,0
2212,location,MC1,,a03df7da-c2cf-476d-a6ea-95c422969df2,0
507,organization,MC1,,60253,0
1350,person,MC1,Country_271835,Christine Chaney,0
2637,person,MC1,Country_271835,David Romero,0
1510,location,MC1,,e0cdfc51-7473-481d-8900-03f66d6e359e,0
1580,organization,MC1,,6185842,0
2900,person,MC1,Country_271835,Brett Lee,0
2170,organization,MC1,,3896,0
3304,,MC1,,Mitsubishi,0
1924,person,MC1,Country_271835,Carla Perkins,0
756,person,MC1,Country_271835,Robert Carpenter,0
1451,organization,MC1,,245658,0
2924,organization,MC1,,440,0
2754,person,MC1,Ivarisia,Lisa Lewis,0
2370,person,MC1,Country_271835,Randall Newman,0
839,organization,MC1,,138782226,0
1091,location,MC1,,67f3755e-7f86-40a1-ae17-998d50a3e772,0
25,,MC1,,PRK,0
1874,organization,MC1,,949,0
1474,location,MC1,,da7677f8-d1f0-4e35-afe9-4240613e866b,0
3040,person,MC1,Country_271835,Deborah Porter DDS,0
1506,person,MC1,Country_271835,Shawn Cook,0
2034,,MC1,,âNYPDâ,0
1665,vessel,MC1,,Montrose,0
67,political_organization,MC1,,72371354,0
1614,location,MC1,,933c4581-7ecc-4377-995c-7a200fee617b,0
755,person,MC1,Country_459036,Kristin Davidson,0
1553,person,MC1,Country_271835,Bradley Murphy,0
952,location,MC1,,f2aee915-d483-4823-a030-9aac5e44c1fe,0
942,organization,MC1,,613281364,0
31,person,MC1,Osterivaria,Ann Daniels,0
1644,person,MC1,Country_271835,Loretta Harrington,0
2487,person,MC1,Country_271835,Roger Jordan,0
1883,person,MC1,Country_271835,George Vance,0
3178,,MC1,,America,0
343,person,MC1,Country_271835,Mrs. Crystal Reyes,0
1411,person,MC1,Country_271835,Fernando Steele,0
2322,location,MC1,,b5856109-c5a0-43a6-8c70-ebfe73cc24f1,0
3276,,MC1,,Arctic,0
2149,event,MC1,,âbelieve,0
787,location,MC1,,1196cfc8-175c-465b-aee9-fbf74c81aa49,0
2987,,MC1,,âshabuâ,0
3228,,MC1,,âCompliance,0
1606,person,MC1,Country_271835,Darren Torres,0
2789,organization,MC1,,14636,0
1429,person,MC1,Country_271835,Lydia Day,0
2168,organization,MC1,,6548672,0
2639,organization,MC1,,28138,0
2951,location,MC1,,58cf758d-a6f2-48ba-ac0c-89581ae6b4a5,0
528,,MC1,,mayaâ,0
176,person,MC1,Country_271835,Michael Smith,0
2913,organization,MC1,,422,0
422,,MC1,,œPï,0
962,organization,MC1,,61057213,0
1503,location,MC1,,45ff391d-0f6a-4ee4-abe6-8b06d07dbfd6,0
1187,person,MC1,Country_271835,Robert Vega,0
3068,event,MC1,,2032s,0
1626,organization,MC1,,614,0
1907,organization,MC1,,3342,0
288,person,MC1,Country_271835,Ashley Wiggins,0
887,organization,MC1,,70,0
3075,person,MC1,Country_271835,Samantha Manning,0
1133,person,MC1,Country_271835,John Conley,0
177,person,MC1,Country_271835,Melanie Miller,0
718,,MC1,,logo,0
2290,location,MC1,,7f3d323d-54e3-49f8-9c28-7aa5cb4c7248,0
3223,,MC1,,Orient,0
1425,person,MC1,Kethanor,Teresa Gardner,0
370,location,MC1,,1076f239-831c-4c53-9134-484c8f2d5c73,0
1356,person,MC1,Country_271835,Kimberly Olson,0
598,location,MC1,,25875c2e-ff9a-4669-bad7-2c84bafb7515,0
2270,location,MC1,,88b35c10-45ae-4ded-ae4a-6cad038cfd91,0
676,location,MC1,,47967ccc-0e26-458d-b1e5-80e8668db714,0
2948,,MC1,,16,0
1011,organization,MC1,,8494294,0
1995,person,MC1,Country_271835,Austin Welch,0
2968,location,MC1,,fcef975b-e382-4c81-8160-41bf9e5bf937,0
2820,person,MC1,Country_271835,Megan Gonzales,0
141,,MC1,,St,0
1727,vessel,MC1,,operated vehicle,0
679,organization,MC1,,52,0
2882,location,MC1,,d4b66d04-ad3c-425a-a123-00e589b86a52,0
471,event,MC1,,Last,0
2795,location,MC1,,16778128-07fa-46dd-b229-b0c2e2233602,0
1960,location,MC1,,af9758b0-e4f9-4e08-8dd9-09abc903e4b5,0
3316,,MC1,,Surf and Sea International Tidepool,0
1784,organization,MC1,,2610,0
1057,organization,MC1,,6391,0
195,organization,MC1,,26,0
532,person,MC1,Country_271835,Angela Wheeler,0
1446,person,MC1,Country_271835,Frederick Harris,0
2096,person,MC1,Country_271835,Jennifer Barber,0
657,person,MC1,Country_271835,Eric Gentry,0
1621,organization,MC1,,23299,0
1135,person,MC1,Country_271835,James Hernandez,0
555,event,MC1,,OE23,0
670,organization,MC1,,937182447,0
3149,,MC1,,Pasture Petfoods New Zealand Ltd,0
654,person,MC1,Country_271835,Alexis Murphy,0
2676,person,MC1,Country_271835,Joshua Park,0
1497,,MC1,,DECEUNINCK,0
631,organization,MC1,,4382,0
1488,person,MC1,Country_271835,Daniel Shaffer,0
1104,organization,MC1,,6038,0
162,location,MC1,,ee05a28e-82ba-4f1d-a60f-68797a422ada,0
949,political_organization,MC1,,6889326,0
1842,organization,MC1,,61,0
2499,company,MC1,Country_271835,Danish Lobster Limited Liability Company Brothers,0
3422,,MC1,,Felbab-Brown,0
2202,person,MC1,Country_271835,Gerald Washington,0
547,location,MC1,,c1aeee2d-0030-4d85-b45c-ac3fd9887b98,0
2832,person,MC1,Country_271835,Diane Forbes,0
1094,person,MC1,Country_271835,Jessica Owens,0
568,organization,MC1,,829,0
729,location,MC1,,8c53a730-3aa1-463f-aef6-999a3cfbfb70,0
1164,person,MC1,Country_271835,Philip Black,0
2605,,MC1,,âtigerâ,0
611,person,MC1,Oceanus,Bryan Johnston,0
2771,person,MC1,Country_271835,Amanda Jenkins,0
3146,,MC1,,Dry Creek S.p.A. Overseas,0
1539,organization,MC1,,19471,0
857,organization,MC1,,958085,0
2743,location,MC1,,011ad1ae-ae1b-4c74-9f58-c020e6a3e836,0
691,organization,MC1,,48,0
581,organization,MC1,,1465792,0
3399,,MC1,,Ronald,0
2720,location,MC1,,cd7cb49f-0021-4fe9-a3a9-cc8b3fce0c57,0
73,organization,MC1,,9067,0
48,organization,MC1,,0,0
2359,location,MC1,,1bf22b98-519c-4131-8bb4-53ecdd193100,0
1830,political_organization,MC1,,327979,0
790,person,MC1,Country_271835,Judy Johns,0
3061,person,MC1,Country_271835,Lisa Henderson,0
1860,vessel,MC1,,Ships,0
1480,organization,MC1,,555,0
818,person,MC1,Country_271835,Stephen Lowe,0
1684,vessel,MC1,,underwater,0
2465,organization,MC1,,23837996,0
2155,,MC1,,Easterlingsâ,0
3217,,MC1,,Mar de Cristalino Co,0
