Unnamed: 0,type,dataset,country,id,weight
1408,company,MC1,Country_271835,Coastal Crusaders Kga Worldwide,0
746,company,MC1,Country_271835,Senegal Coast Oyj Motorboat,0
2006,company,MC1,Country_271835,Malawi Rift  Holdings Navigation,0
2569,company,MC1,Country_271835,Gambia River  GmbH & Co. KG and,0
0,company,MC1,Nalakond,Spanish Shrimp  Carriers,0
869,company,MC1,Country_271835,Turkish Sword Ltd Export,0
1333,company,MC1,Country_271835,Fin Flair Pic Delivery,0
2419,company,MC1,Country_663412,Jammu & Kashmir ship,0
349,company,MC1,Country_338740,Estrella de Mar Ltd. Liability Co,0
1543,company,MC1,Oceanus,Shona Barracuda AB Worldwide,0
2920,company,MC1,Country_271835,Portuguese Sardines GmbH & Co. KG Line,0
1196,company,MC1,Country_271835,OceanFront Foods Co Beach,0
2007,company,MC1,Country_271835,Baha de Coral OJSC Marine,0
3018,company,MC1,Country_271835,Danish Lobster Ltd. Liability Co,0
377,company,MC1,Vesperlandia,Mar del Oeste Pic,0
183,company,MC1,Oceanus,Turkish Sword Buoy Incorporated Forwading,0
637,company,MC1,Country_271835,Playa del Mar Caviar,0
955,company,MC1,Country_271835,OceanicOrigin Foods Co and Son's,0
283,event,MC1,,arts,0
2531,event,MC1,,ârequested,0
789,event,MC1,,NiÃ±o,0
212,event,MC1,,Act,0
1097,event,MC1,,â¬7,0
3094,event,MC1,,2036âs,0
491,event,MC1,,10,0
1402,event,MC1,,yearsâthat,0
505,event,MC1,,âclams,0
2069,event,MC1,,containers,0
2632,event,MC1,,âThis,0
1179,event,MC1,,expect year,0
471,event,MC1,,Last,0
1767,event,MC1,,past yearâs,0
295,event,MC1,,April,0
630,location,MC1,,4e872202-1d65-4183-80c9-e8c12c8f736e,0
2300,location,MC1,,06c85abe-f160-4a9f-bfb2-d58099a6be80,0
2193,location,MC1,,b1a0ee2a-0e6d-48c2-b639-032e4648fa5c,0
513,location,MC1,,b4caf8cd-dbc7-4c99-9f2b-de407274c08b,0
3105,location,MC1,,e631b105-4953-43e1-8d37-a3ab5dd3d860,0
1800,location,MC1,,b3de0895-285e-4ea8-99bb-ffdc763f7038,0
361,location,MC1,,217fe70e-cc2d-4899-9127-e0a7da182699,0
2054,location,MC1,,0fab17df-2c08-46b6-8ce9-b13b3a60ff3d,0
1271,location,MC1,,dec69ea4-1c0c-4b31-b6fe-7d0c7e4b8fd9,0
938,location,MC1,,72899187-0989-47fa-9db0-cd1d4c3fc4e3,0
120,location,MC1,,0715f2ea-3d11-4eaa-a0c4-fb3290896531,0
1853,location,MC1,,65872b93-db53-4445-a72e-8f84b3d7edfc,0
2275,location,MC1,,90be60b1-61d8-4115-b133-e4c8e09383eb,0
1455,location,MC1,,e4e5b1ca-e210-4d3f-8cea-fa5c2309340f,0
3032,location,MC1,,601e76fd-8517-4269-b976-2743987a49f3,0
2299,location,MC1,,2e579f6f-eca3-498d-a523-b1da1e85a5cf,0
1017,location,MC1,,36b70b18-465a-442f-bfbe-cedb85d48acc,0
2285,location,MC1,,d6dbac2d-ba76-4503-be09-e0444b936bd0,0
2371,location,MC1,,f656719b-783e-452b-801f-f60895068b23,0
2795,location,MC1,,16778128-07fa-46dd-b229-b0c2e2233602,0
174,location,MC1,,aea12579-8802-4b2d-b432-fc35fe4d10d5,0
3106,location,MC1,,f514483d-fb5f-4cb2-bb8d-b616b10336d8,0
2898,location,MC1,,c0ce6d15-622b-42a3-b892-f5efe5b4d00c,0
23,location,MC1,,4369922c-ce1d-40ff-904c-1f6a3000bf6b,0
1174,location,MC1,,259e9338-b33e-4dc7-843a-96a720d22d9b,0
924,location,MC1,,67a59fab-710a-4992-b6d0-d581fd9dceba,0
627,location,MC1,,6d887b98-7c48-4a82-98bb-2f50fe4b29d5,0
310,location,MC1,,e836e8c3-a45e-4225-870d-d3e8dbc62c26,0
773,location,MC1,,23550059-88d4-4a69-b74e-3c7de8bf56de,0
621,location,MC1,,30295c76-f2c6-4284-89fd-8f8fd082889b,0
1359,location,MC1,,cc6cf3e0-5794-4497-a31d-79b4db1b55a9,0
3014,location,MC1,,d2948905-9121-400b-905f-e449bf8ca35e,0
2388,location,MC1,,5890393d-3bb2-4f08-a460-4aa025e28de0,0
2917,location,MC1,,332bb88e-0a63-41e3-8a27-87795fd552e9,0
693,location,MC1,,87ea830d-be41-4317-8b1b-142f23da70d7,0
2249,location,MC1,,e42f2b19-60d8-4df2-bb01-d2b42d134a26,0
1128,location,MC1,,292bf7d9-d86c-411d-9a85-da0cb4535e22,0
515,location,MC1,,410af01b-a5fb-4d6c-946d-a48fea30332b,0
616,location,MC1,,fc4e853f-6e18-4631-bf95-f70d6a30579f,0
233,location,MC1,,41870892-4565-42cd-9374-8665d01e9aa9,0
614,location,MC1,,2ef60e7b-4914-4dbd-a063-5b23143fe5db,0
1215,location,MC1,,a96730cc-485e-46be-aba4-339442bacd8d,0
3027,location,MC1,,8ce9074f-2904-41ea-896a-5d932e06f54c,0
1184,location,MC1,,d6968538-6f18-4a1c-a4e2-59de3c0e25c2,0
1367,location,MC1,,b636c0f8-2ddf-42ad-9f9c-73bd48682561,0
713,location,MC1,,ede1806c-b3d1-47f5-ba49-d948d6ec385a,0
406,location,MC1,,df365f60-c399-42f5-ad38-736145edef5e,0
2740,location,MC1,,0223707c-6754-4419-acb2-510377eadd60,0
860,location,MC1,,5ede75fe-f670-4a59-b693-da34e7f6eb47,0
1741,location,MC1,,92a375a3-0c31-494e-9a56-eeabe3750d90,0
345,location,MC1,,5a52675e-1243-4244-ad55-85a06c4408de,0
514,location,MC1,,38b72863-eaf3-4270-a213-d9ddaee2c6cb,0
273,location,MC1,,6d249c4d-1f62-4ab2-b107-8fd978f115c7,0
3041,location,MC1,,d4291c4b-873e-4830-b44a-85227fde3ee2,0
3089,location,MC1,,1aa47ffc-05a8-4edd-a8e0-94c10b650bd8,0
1091,location,MC1,,67f3755e-7f86-40a1-ae17-998d50a3e772,0
1444,location,MC1,,032522db-8105-4c26-8142-ae9d5806f7c5,0
1457,location,MC1,,d2589980-b0c7-4c36-8ddf-8afe554853ea,0
213,location,MC1,,9a651d73-d88f-4f9c-9497-7321ef575c6f,0
281,location,MC1,,d5b94ebc-e03a-438e-872b-a15db349a748,0
715,location,MC1,,52e9a600-9d6f-4683-95be-c7c60c57ffe1,0
1722,location,MC1,,f205ff1a-8798-48b7-b535-ad87b9756220,0
2906,location,MC1,,4843b052-8f18-4298-9464-d780feb5ddad,0
1521,location,MC1,,04eab3c4-ed99-467b-8844-b5279a6b955e,0
2741,location,MC1,,d37a5a00-fca1-4753-890c-6975c311dc3f,0
1577,location,MC1,,fdcbe098-dbe6-4e52-8bd7-96cf3ae30101,0
2891,location,MC1,,18139144-efbe-4540-8e65-fde29def1993,0
1510,location,MC1,,e0cdfc51-7473-481d-8900-03f66d6e359e,0
2198,location,MC1,,decfc924-5bdc-4fba-8bbd-bb57d8d478d9,0
95,location,MC1,,405ab2a5-68f0-4304-ab94-24c7995a248e,0
372,location,MC1,,9e2e5adf-b6aa-4e7f-9af1-a899ceccfba6,0
653,location,MC1,,aa1f466d-d060-40fa-ab0e-3f8bb2ca940f,0
2114,location,MC1,,7311cf88-bac1-4ac9-a0d2-c55c02497944,0
889,location,MC1,,7cc6bfba-4893-444b-a641-a7d0b48fa427,0
2961,location,MC1,,2ed68d75-994e-43dd-b326-a2adfa540562,0
645,location,MC1,,50335cc3-71d6-4803-baca-5faaecfc33cb,0
925,location,MC1,,da75877e-ec57-42cc-82b9-de68c8d333e7,0
60,location,MC1,,77b46bc7-7e31-41a0-973c-e633011d21b0,0
187,location,MC1,,df42b319-be6a-4a2e-b11d-c4da7ecfc01c,0
123,movement,MC1,,hours,0
2769,movement,MC1,,three-hour,0
2545,movement,MC1,,In month,0
227,movement,MC1,,months,0
834,organization,MC1,,56126935,0
275,organization,MC1,,164575,0
1351,organization,MC1,,8226730,0
2609,organization,MC1,,3328058,0
168,organization,MC1,,6731,0
1062,organization,MC1,,9992346,0
2781,organization,MC1,,25777,0
217,organization,MC1,,301,0
113,organization,MC1,,775298545,0
1501,organization,MC1,,10880329,0
359,organization,MC1,,86590543,0
270,organization,MC1,,277983365,0
137,organization,MC1,,93873119,0
186,organization,MC1,,967,0
1862,organization,MC1,,620019,0
672,organization,MC1,,861,0
2697,organization,MC1,,649009867,0
866,organization,MC1,,7908385,0
150,organization,MC1,,71835024,0
922,organization,MC1,,41695239,0
2014,organization,MC1,,54726,0
901,organization,MC1,,979893388,0
2002,organization,MC1,,982519647,0
877,organization,MC1,,441,0
2775,organization,MC1,,90411963,0
958,organization,MC1,,65,0
1618,organization,MC1,,900338,0
2723,organization,MC1,,951187691,0
2693,organization,MC1,,8127,0
2310,organization,MC1,,4356,0
2218,organization,MC1,,4205,0
847,organization,MC1,,496391,0
1682,organization,MC1,,9238420,0
1672,organization,MC1,,637608,0
1863,organization,MC1,,45361487,0
674,organization,MC1,,883290144,0
1014,organization,MC1,,150674265,0
2320,organization,MC1,,29167335,0
2652,organization,MC1,,353257,0
1154,organization,MC1,,42258,0
1170,organization,MC1,,38,0
47,organization,MC1,,7282284,0
56,organization,MC1,,457009514,0
2079,organization,MC1,,1968776,0
17,organization,MC1,,650512,0
966,organization,MC1,,18,0
1573,organization,MC1,,285351,0
508,organization,MC1,,109746,0
1123,organization,MC1,,724,0
2239,organization,MC1,,8350379,0
2613,organization,MC1,,176729,0
1844,organization,MC1,,2278,0
339,organization,MC1,,31408,0
2533,organization,MC1,,55674,0
1199,organization,MC1,,23636990,0
2440,organization,MC1,,90831,0
1669,organization,MC1,,73921,0
552,organization,MC1,,7670,0
2923,organization,MC1,,3740,0
806,organization,MC1,,38111,0
633,organization,MC1,,94760735,0
855,organization,MC1,,28379,0
2215,organization,MC1,,381051499,0
707,organization,MC1,,7871,0
1308,organization,MC1,,4679,0
72,organization,MC1,,8701038,0
744,organization,MC1,,890,0
1648,organization,MC1,,848165,0
1298,organization,MC1,,863749817,0
129,organization,MC1,,9,0
681,organization,MC1,,42603647,0
132,organization,MC1,,8698,0
1500,organization,MC1,,23990411,0
1120,organization,MC1,,1012,0
2843,organization,MC1,,8832615,0
1647,organization,MC1,,9838,0
2476,organization,MC1,,7443,0
1666,organization,MC1,,112156579,0
1201,organization,MC1,,81661977,0
2517,organization,MC1,,9411155,0
968,organization,MC1,,678,0
2639,organization,MC1,,28138,0
124,organization,MC1,,7298083,0
2465,organization,MC1,,23837996,0
2686,organization,MC1,,940161722,0
1671,organization,MC1,,327277616,0
936,organization,MC1,,4759,0
3006,organization,MC1,,613556,0
967,organization,MC1,,24641639,0
586,organization,MC1,,657,0
1763,organization,MC1,,618,0
1078,organization,MC1,,116070050,0
557,organization,MC1,,435978092,0
1957,organization,MC1,,9237588,0
3021,organization,MC1,,36868,0
1544,organization,MC1,,415053,0
164,organization,MC1,,58,0
960,organization,MC1,,71755,0
3033,organization,MC1,,67261634,0
809,organization,MC1,,66030248,0
1968,organization,MC1,,89,0
867,organization,MC1,,691192,0
1570,organization,MC1,,25,0
369,organization,MC1,,2125,0
831,organization,MC1,,33681303,0
1696,organization,MC1,,682313,0
626,organization,MC1,,767368152,0
2248,organization,MC1,,7830,0
1156,organization,MC1,,7321,0
987,organization,MC1,,685607,0
2364,organization,MC1,,914,0
2799,organization,MC1,,207618139,0
2552,organization,MC1,,309535101,0
2894,organization,MC1,,753,0
3044,organization,MC1,,70720996,0
1448,organization,MC1,,90192265,0
105,organization,MC1,,69150209,0
1664,organization,MC1,,80737369,0
663,organization,MC1,,49729,0
474,organization,MC1,,897,0
245,organization,MC1,,426469,0
50,organization,MC1,,196159,0
144,organization,MC1,,551,0
2696,organization,MC1,,62532,0
80,organization,MC1,,95,0
1915,organization,MC1,,280094,0
670,organization,MC1,,937182447,0
2292,organization,MC1,,858773,0
1373,organization,MC1,,784221,0
1337,organization,MC1,,683962,0
724,organization,MC1,,324989705,0
477,organization,MC1,,2243528,0
2297,organization,MC1,,33,0
1703,organization,MC1,,303934,0
1813,organization,MC1,,520673,0
517,organization,MC1,,553309,0
490,organization,MC1,,2230601,0
3022,organization,MC1,,3127062,0
2892,organization,MC1,,826749274,0
1749,organization,MC1,,86117,0
1422,organization,MC1,,1415,0
114,organization,MC1,,26676370,0
1212,organization,MC1,,4258240,0
1433,organization,MC1,,650749,0
1046,organization,MC1,,830155,0
2000,organization,MC1,,4942,0
1904,organization,MC1,,98631,0
962,organization,MC1,,61057213,0
2308,organization,MC1,,739622,0
760,organization,MC1,,90254947,0
1442,organization,MC1,,53792,0
489,organization,MC1,,9204971,0
839,organization,MC1,,138782226,0
3007,organization,MC1,,353,0
229,organization,MC1,,94,0
1206,organization,MC1,,9977227,0
1869,organization,MC1,,369,0
892,organization,MC1,,3016,0
2278,organization,MC1,,679399,0
679,organization,MC1,,52,0
695,organization,MC1,,45,0
1203,organization,MC1,,24189,0
2992,organization,MC1,,7680453,0
1750,organization,MC1,,94361818,0
971,organization,MC1,,346281879,0
1843,organization,MC1,,908,0
272,organization,MC1,,26431,0
3046,organization,MC1,,42627990,0
1601,organization,MC1,,6406914,0
2688,organization,MC1,,567857349,0
2118,organization,MC1,,519852438,0
2436,organization,MC1,,139,0
1571,organization,MC1,,96,0
3036,organization,MC1,,60197861,0
1085,organization,MC1,,90,0
386,organization,MC1,,8327,0
1077,organization,MC1,,70347729,0
2648,organization,MC1,,9768,0
154,organization,MC1,,7209,0
54,organization,MC1,,290834957,0
2701,organization,MC1,,359755772,0
2667,organization,MC1,,649,0
1008,organization,MC1,,4447143,0
1812,organization,MC1,,6471708,0
356,organization,MC1,,5639000,0
2288,organization,MC1,,172279392,0
1300,organization,MC1,,567217,0
1194,organization,MC1,,759,0
126,organization,MC1,,6,0
280,organization,MC1,,235866056,0
2093,organization,MC1,,8325,0
1233,organization,MC1,,6780,0
3029,organization,MC1,,64667049,0
1874,organization,MC1,,949,0
1787,organization,MC1,,7575,0
1211,organization,MC1,,42,0
1514,organization,MC1,,82408558,0
3049,person,MC1,Oceanus,Christopher Cunningham,0
1637,person,MC1,Country_271835,Sara Waller,0
2223,person,MC1,Country_271835,Charles Fitzgerald,0
170,person,MC1,Vesperanda,Ms. Stephanie Rivera DDS,0
2087,person,MC1,Country_271835,Kelsey Tucker,0
2219,person,MC1,Country_271835,Mary Clements,0
1888,person,MC1,Country_271835,Angela Lee,0
2608,person,MC1,Country_271835,Rebecca Anderson,0
360,person,MC1,Country_271835,Jonathan Smith,0
3057,person,MC1,Country_271835,Cody Lewis,0
1995,person,MC1,Country_271835,Austin Welch,0
335,person,MC1,Country_271835,Jason Davis,0
2492,person,MC1,Country_271835,Emily Norton,0
541,person,MC1,Country_271835,Mr. Thomas Johnson DDS,0
2096,person,MC1,Country_271835,Jennifer Barber,0
2143,person,MC1,Country_271835,Ryan Lewis,0
2111,person,MC1,Country_271835,John Avila,0
1178,person,MC1,Oceanus,Rebecca Fox,0
2237,person,MC1,Country_271835,Zachary Sellers,0
1530,person,MC1,Country_271835,Gary Dunn,0
524,person,MC1,Country_271835,Elizabeth Savage,0
2802,person,MC1,Country_271835,Tonya Frazier,0
1065,person,MC1,Country_271835,Jennifer Reilly,0
1304,person,MC1,Country_271835,Nicholas Dennis,0
1819,person,MC1,Country_271835,James Carr,0
2244,person,MC1,Country_271835,Tyler Anderson,0
1334,person,MC1,Country_271835,Scott Wallace,0
2654,person,MC1,Country_271835,Colton Olson,0
2758,person,MC1,Country_271835,Robert Chang,0
1692,person,MC1,Country_271835,Debbie Kelley,0
2350,person,MC1,Oceanterra,Mark Hernandez PhD,0
2240,person,MC1,Country_940095,Keith Compton,0
3074,person,MC1,Country_271835,Laura Smith,0
1771,person,MC1,Country_271835,Lauren Garner,0
2806,person,MC1,Country_271835,Ashley Boyer,0
2386,person,MC1,Country_271835,Melissa Gomez,0
900,person,MC1,Country_449947,Dawn Sanchez,0
2030,person,MC1,Country_271835,Andrew Graves,0
1344,person,MC1,Country_271835,Kathleen Gates,0
862,person,MC1,Country_271835,Brandon Jackson,0
2416,person,MC1,Country_271835,Jeremy Woodard,0
2110,person,MC1,Country_990614,Samuel Dunn,0
2593,person,MC1,Arreciviento,Vanessa Chandler,0
1313,person,MC1,Country_271835,Scott Solis,0
1260,person,MC1,Country_271835,Hannah Chandler,0
1639,person,MC1,Country_271835,Daniel Middleton,0
2771,person,MC1,Country_271835,Amanda Jenkins,0
1024,person,MC1,Country_271835,Lisa Lambert,0
1144,person,MC1,Country_271835,Christopher Simon,0
1149,person,MC1,Country_271835,Andrew Miller,0
1742,person,MC1,Country_271835,Kevin Moreno,0
2655,person,MC1,Country_271835,Tamara Tyler,0
302,person,MC1,Country_271835,Colleen Everett,0
2314,person,MC1,Puerto del Mar,Mark Norton,0
1244,person,MC1,Country_271835,Amanda Contreras,0
43,person,MC1,Country_271835,Don Hopkins,0
1002,person,MC1,Country_271835,Janice Bell,0
1263,person,MC1,Country_271835,Kimberly Lopez,0
2312,person,MC1,Country_760479,Meghan Johnson,0
470,person,MC1,Country_271835,Miguel Fisher,0
2821,person,MC1,Country_271835,Kenneth Warren,0
807,person,MC1,Country_271835,Thomas Rivas,0
1226,person,MC1,Country_271835,Rebecca Adams,0
1606,person,MC1,Country_271835,Darren Torres,0
915,person,MC1,Country_271835,Mary Horton,0
165,person,MC1,Country_19028,Cynthia Williams,0
1502,person,MC1,Oceanus,Rhonda Price,0
1509,person,MC1,Country_271835,William James,0
286,person,MC1,Country_271835,Joshua Glover,0
133,person,MC1,Country_271835,Claire Russell,0
1048,person,MC1,Country_271835,Stephanie Quinn,0
1846,person,MC1,Uzilandor,Sabrina Merritt,0
31,person,MC1,Osterivaria,Ann Daniels,0
1417,person,MC1,Helvoris,Amber Sharp,0
2620,person,MC1,Country_271835,Jennifer Wilson MD,0
2169,person,MC1,Country_271835,Cheryl Conway,0
1409,person,MC1,Country_271835,Luis Douglas,0
2949,person,MC1,Country_271835,Holly Donaldson,0
2488,person,MC1,Country_271835,Matthew Everett,0
1720,person,MC1,Country_271835,Matthew Mack,0
1644,person,MC1,Country_271835,Loretta Harrington,0
2887,person,MC1,Country_271835,Aaron Cruz,0
2985,person,MC1,Country_271835,Kenneth Fox,0
1953,person,MC1,Country_271835,Tracy Rogers,0
2589,person,MC1,Country_271835,Luis Rogers,0
903,person,MC1,Country_204272,Timothy Lopez,0
2658,person,MC1,Country_271835,Melissa Brock,0
3065,person,MC1,Country_615819,Melissa Norman,0
1804,person,MC1,Country_712875,Wendy Miller,0
2177,person,MC1,Country_247330,Barry Harris,0
207,person,MC1,Nalakond,John Gonzalez,0
983,person,MC1,Country_271835,Madison Edwards,0
2160,person,MC1,Rio Isla,Daniel Pruitt,0
2307,person,MC1,Country_271835,Caleb Webster,0
1948,person,MC1,Country_271835,Joseph Smith,0
317,person,MC1,Country_271835,Timothy Estrada,0
1163,person,MC1,Country_271835,Marvin White,0
320,person,MC1,Country_271835,Vanessa Avila,0
1643,person,MC1,Oceanus,Scott Simpson,0
1259,person,MC1,Country_271835,Sabrina Zamora,0
2618,person,MC1,Country_271835,Miranda Smith,0
563,person,MC1,Oceanus,Cindy Ritter,0
1699,person,MC1,Country_271835,Roger Smith,0
1287,person,MC1,Country_271835,Lauren Reynolds,0
1171,person,MC1,Country_271835,Elijah Gordon,0
1868,person,MC1,Country_271835,Austin Miller,0
1213,person,MC1,Country_271835,Julie Parks,0
2370,person,MC1,Country_271835,Randall Newman,0
2862,person,MC1,Country_271835,Lucas Adams,0
1165,person,MC1,Country_271835,Laurie Clark,0
2195,person,MC1,Country_271835,Kevin Burnett,0
2174,person,MC1,Oceanus,James Valencia,0
539,person,MC1,Country_271835,Adam Blankenship,0
473,person,MC1,Marebak,Dana Goodwin,0
308,person,MC1,Country_271835,Brandon Berger,0
2626,person,MC1,Country_271835,Nicholas Torres,0
2762,person,MC1,Rio Isla,Tom Bauer,0
733,person,MC1,Country_271835,Hunter Wheeler,0
2423,person,MC1,Country_271835,Michelle Kelley,0
2086,person,MC1,Country_12955,Debra Hall,0
1729,person,MC1,Country_271835,Robert Goodman,0
2173,person,MC1,Country_271835,Darrell Lopez,0
2012,person,MC1,Country_271835,Michael Frederick,0
577,person,MC1,Country_271835,James Smith MD,0
2819,person,MC1,Country_271835,Emily Smith,0
2302,person,MC1,Arreciviento,Joseph Hawkins,0
1828,person,MC1,Country_198078,Angela Navarro,0
2337,person,MC1,Country_233547,Christopher Garrett,0
2101,person,MC1,Country_925382,Christine Maxwell,0
716,person,MC1,Polarisdom,Christina Olsen,0
2333,person,MC1,Oceanterra,Anna Ortiz,0
2747,person,MC1,Country_271835,Daniel Vasquez,0
2414,person,MC1,Country_271835,Gary Palmer,0
779,person,MC1,Country_271835,Jeffrey Curry,0
1223,person,MC1,Country_271835,Tara Hanson,0
1258,person,MC1,Country_271835,Jennifer Thompson,0
1616,person,MC1,Country_462996,Melinda Bentley,0
2146,person,MC1,Country_271835,Rebecca Taylor,0
1045,person,MC1,Country_271835,John Barnes DDS,0
1117,person,MC1,Country_271835,Angela Orr,0
2432,person,MC1,Country_226679,Danielle Jensen,0
837,person,MC1,Country_271835,Raymond King,0
1951,person,MC1,Country_271835,Jared Martinez,0
2480,person,MC1,Country_271835,Veronica Lowe,0
2873,person,MC1,Country_271835,Amy Mcclure,0
881,person,MC1,Country_271835,Allison Leonard,0
798,person,MC1,Country_981995,Kenneth Jones,0
2699,person,MC1,Country_19028,Carmen Mendez,0
1127,person,MC1,Country_271835,Alyssa Mccoy,0
3104,person,MC1,Country_271835,Lindsay Bennett,0
1847,person,MC1,Country_57382,Justin Fowler,0
287,person,MC1,Country_271835,Tara Villegas,0
629,person,MC1,Country_271835,George Ramirez,0
2790,person,MC1,Marebak,Maria Jackson,0
138,person,MC1,Country_271835,Jeremy Cordova,0
338,person,MC1,Country_19028,Albert Thomas,0
1840,person,MC1,Country_271835,Jennifer Washington,0
228,person,MC1,Country_271835,Emily Johnson,0
1726,person,MC1,Country_271835,Zachary Blackburn,0
861,person,MC1,Country_271835,Robert Adams,0
1376,person,MC1,Country_271835,Dennis Little,0
1234,person,MC1,Country_271835,Mr. Joseph Johnson,0
1887,person,MC1,Country_271835,Cynthia Huff,0
880,person,MC1,Country_271835,Jennifer Meyers,0
2331,person,MC1,Oceanterra,Timothy Benjamin,0
2156,person,MC1,Country_271835,Seth Peters,0
1837,person,MC1,Country_271835,Adriana Rhodes,0
2367,person,MC1,Country_271835,Lori Weeks,0
2061,person,MC1,Country_271835,Michelle Jackson,0
2031,person,MC1,Country_271835,Mathew Taylor,0
1150,person,MC1,Country_990614,Erica Cisneros,0
2916,person,MC1,Country_271835,Matthew Anderson,0
1264,person,MC1,Country_271835,Teresa Jackson,0
883,person,MC1,Country_271835,Amanda Andrews,0
1283,person,MC1,Country_271835,Gabriela Graham,0
303,person,MC1,Country_271835,Brenda Gonzalez,0
1285,person,MC1,Country_242593,Danielle Valdez,0
2052,person,MC1,Country_271835,Kevin Liu,0
2076,person,MC1,Country_271835,Stephen Marks,0
3066,person,MC1,Country_271835,Jennifer Andrade,0
1479,person,MC1,Country_271835,Martin Bryant,0
1061,person,MC1,Luminsia,Nicole Smith,0
2140,person,MC1,Country_271835,Stephanie Wiley,0
2059,person,MC1,Oceanus,Rebecca Caldwell,0
2498,person,MC1,Country_271835,Michelle Aguilar,0
2081,person,MC1,Country_271835,Anthony Larson,0
1658,person,MC1,Country_271835,Bobby Walker,0
1797,person,MC1,Uzilandor,Christian Ashley,0
2543,person,MC1,Country_271835,James Knight,0
2656,person,MC1,Country_271835,Henry Lambert,0
2939,person,MC1,Country_271835,James Andrews,0
578,person,MC1,Country_271835,Brian Palmer,0
1698,person,MC1,Country_271835,Krystal Foster,0
1756,person,MC1,Country_271835,Denise Moore,0
2636,person,MC1,Country_470077,Christopher Fields,0
2838,person,MC1,Country_271835,Stephen Peterson,0
2822,person,MC1,Country_271835,Edward Winters,0
1489,person,MC1,Country_271835,Sierra Vincent,0
1246,person,MC1,Country_271835,Bryan Hill,0
1488,person,MC1,Country_271835,Daniel Shaffer,0
1537,person,MC1,Country_271835,Alicia Lee,0
2344,person,MC1,Country_271835,Michele Taylor,0
2827,person,MC1,Country_271835,Brandi Johnson,0
1917,person,MC1,Country_146155,Tracie Price,0
1132,political_organization,MC1,,2653581,0
1197,political_organization,MC1,,19186817,0
78,political_organization,MC1,,348079,0
1608,political_organization,MC1,,8651344,0
589,political_organization,MC1,,29,0
1832,political_organization,MC1,,28422,0
2080,political_organization,MC1,,288971672,0
112,political_organization,MC1,,888,0
949,political_organization,MC1,,6889326,0
2751,political_organization,MC1,,2330,0
330,political_organization,MC1,,913428,0
1830,political_organization,MC1,,327979,0
118,political_organization,MC1,,3,0
906,political_organization,MC1,,706129,0
2409,political_organization,MC1,,82517,0
3002,political_organization,MC1,,35679,0
2770,political_organization,MC1,,59409,0
63,political_organization,MC1,,6406040,0
2405,political_organization,MC1,,436460757,0
2692,political_organization,MC1,,12358151,0
1833,political_organization,MC1,,428949,0
1140,political_organization,MC1,,54,0
721,political_organization,MC1,,40952,0
2028,political_organization,MC1,,256659459,0
1744,vessel,MC1,,Talleyâs,0
200,vessel,MC1,,USCGC Spencer,0
1138,vessel,MC1,,river,0
1597,vessel,MC1,,Michelle,0
375,vessel,MC1,,pilot,0
1218,vessel,MC1,,DDG,0
1652,vessel,MC1,,Boston,0
1557,vessel,MC1,,Rapido beam trawler,0
1220,vessel,MC1,,USS Hurricane,0
388,vessel,MC1,,Amphibious Warships,0
1936,vessel,MC1,,bulker,0
1081,vessel,MC1,,bottom,0
1785,vessel,MC1,,HawkEye,0
2907,vessel,MC1,,scooter,0
623,vessel,MC1,,Gulf,0
102,vessel,MC1,,Marine,0
1655,vessel,MC1,,waterâs,0
921,vessel,MC1,,Hang,0
2671,vessel,MC1,,truck,0
1301,vessel,MC1,,Oliver,0
1890,vessel,MC1,,CraftâLaw,0
2876,vessel,MC1,,Vessels,0
392,vessel,MC1,,cutters,0
