Unnamed: 0,type,dataset,country,id,weight
0,company,MC1,Nalakond,Spanish Shrimp  Carriers,0
5,organization,MC1,,2591586,0
10,,MC1,,âvictimâ,0
15,,MC1,,âŠâ,0
20,organization,MC1,,172711,0
25,,MC1,,PRK,0
30,organization,MC1,,2079436,0
35,person,MC1,Country_712875,Elizabeth Welch,0
40,organization,MC1,,1,0
45,organization,MC1,,4,0
50,organization,MC1,,196159,0
55,person,MC1,Country_271835,Timothy Reeves,0
60,location,MC1,,77b46bc7-7e31-41a0-973c-e633011d21b0,0
65,person,MC1,Country_271835,Kristin Graham,0
70,organization,MC1,,955425,0
75,organization,MC1,,3404599,0
80,organization,MC1,,95,0
85,organization,MC1,,245,0
90,organization,MC1,,265700083,0
95,location,MC1,,405ab2a5-68f0-4304-ab94-24c7995a248e,0
100,organization,MC1,,4063,0
105,organization,MC1,,69150209,0
110,person,MC1,Nalakond,Derek Burke,0
115,company,MC1,Country_271835,Viento Azul Harbor LLC Investment,0
120,location,MC1,,0715f2ea-3d11-4eaa-a0c4-fb3290896531,0
125,organization,MC1,,21,0
130,location,MC1,,14bda3bb-9993-4265-97cc-1747808c144e,0
135,person,MC1,Country_271835,Scott Medina,0
140,person,MC1,Country_271835,Victoria Parks,0
145,person,MC1,Country_271835,Bryan Taylor,0
150,organization,MC1,,71835024,0
155,organization,MC1,,79139,0
160,organization,MC1,,66538530,0
165,person,MC1,Country_19028,Cynthia Williams,0
170,person,MC1,Vesperanda,Ms. Stephanie Rivera DDS,0
175,location,MC1,,a7948099-0cab-4b80-8707-2ada931ac288,0
180,person,MC1,Country_271835,Timothy Allen,0
185,organization,MC1,,2989,0
190,person,MC1,Vesperand's Bay,Gregory Ortiz,0
195,organization,MC1,,26,0
200,vessel,MC1,,USCGC Spencer,0
205,organization,MC1,,1560,0
210,political_organization,MC1,,6046437,0
215,location,MC1,,36351742-aff4-4df7-a495-1f1f2c94127a,0
220,organization,MC1,,3878194,0
225,,MC1,,monthsâ,0
230,location,MC1,,e85c691a-2adc-4094-8d29-5ea328486951,0
235,organization,MC1,,80191,0
240,organization,MC1,,865275,0
245,organization,MC1,,426469,0
250,organization,MC1,,23,0
255,organization,MC1,,15910405,0
260,organization,MC1,,8412071,0
265,political_organization,MC1,,653505420,0
270,organization,MC1,,277983365,0
275,organization,MC1,,164575,0
280,organization,MC1,,235866056,0
285,person,MC1,Country_271835,Timothy Cuevas,0
290,organization,MC1,,9612243,0
295,event,MC1,,April,0
300,organization,MC1,,883320938,0
305,person,MC1,Country_271835,Clayton Rodgers,0
310,location,MC1,,e836e8c3-a45e-4225-870d-d3e8dbc62c26,0
315,company,MC1,Nalakond,Rajasthan Limited Liability Company,0
320,person,MC1,Country_271835,Vanessa Avila,0
325,organization,MC1,,9488645,0
330,political_organization,MC1,,913428,0
335,person,MC1,Country_271835,Jason Davis,0
340,organization,MC1,,28064,0
345,location,MC1,,5a52675e-1243-4244-ad55-85a06c4408de,0
350,vessel,MC1,,Ship2Report,0
355,organization,MC1,,87940,0
360,person,MC1,Country_271835,Jonathan Smith,0
365,location,MC1,,02cd44a1-7945-40d9-b38f-56f70976582c,0
370,location,MC1,,1076f239-831c-4c53-9134-484c8f2d5c73,0
375,vessel,MC1,,pilot,0
380,organization,MC1,,98748,0
385,person,MC1,Country_271835,Mr. Gregory Brown,0
390,movement,MC1,,weeks,0
395,event,MC1,,Today,0
400,organization,MC1,,175,0
405,organization,MC1,,78565892,0
410,organization,MC1,,4764109,0
415,person,MC1,Country_245265,Erik Johnson,0
420,,MC1,,œe1Pï,0
425,,MC1,,œÞ£ï,0
430,,MC1,,œB,0
435,,MC1,,œDdï,0
440,,MC1,,Kï,0
445,,MC1,,œz,0
450,,MC1,,œß,0
455,,MC1,,œY,0
460,,MC1,,œÒŒipï,0
465,,MC1,,œmï¿œdï,0
470,person,MC1,Country_271835,Miguel Fisher,0
475,location,MC1,,5961c4ed-5c5b-40e4-b0ab-1e0217cb12c0,0
480,organization,MC1,,2056,0
485,organization,MC1,,46194,0
490,organization,MC1,,2230601,0
495,person,MC1,Country_271835,Taylor Chan,0
500,location,MC1,,a7a35f33-3e72-44f2-a51b-922e44da23bc,0
505,event,MC1,,âclams,0
510,person,MC1,Country_552976,Ms. Jenna Gonzalez MD,0
515,location,MC1,,410af01b-a5fb-4d6c-946d-a48fea30332b,0
520,organization,MC1,,515270,0
525,,MC1,,âoctopusâ,0
530,,MC1,,âpolvoâ,0
535,,MC1,,âwomenâ,0
540,,MC1,,âpoulpeâ,0
545,,MC1,,Alonso-FernÃ,0
550,location,MC1,,42aea61e-a98f-4528-9f30-51624ecf3957,0
555,event,MC1,,OE23,0
560,person,MC1,Country_271835,Tyler Guzman,0
565,organization,MC1,,199442,0
570,organization,MC1,,47249,0
575,political_organization,MC1,,7023,0
580,person,MC1,Country_895471,Morgan Bell,0
585,organization,MC1,,172114,0
590,political_organization,MC1,,327481624,0
595,vessel,MC1,,Water,0
600,person,MC1,Country_271835,Tyler Brown,0
605,company,MC1,Country_271835,Cape of Good Hope  Oyj,0
610,person,MC1,Oceanus,Kristina Frazier,0
615,political_organization,MC1,,2633692,0
620,location,MC1,,705283b0-cdb7-4f0a-8481-b3fea243a8e5,0
625,person,MC1,Country_271835,Teresa Rivera,0
630,location,MC1,,4e872202-1d65-4183-80c9-e8c12c8f736e,0
635,location,MC1,,86dc0f8c-7305-4c1e-b655-cf16eefd6fce,0
640,organization,MC1,,3183,0
645,location,MC1,,50335cc3-71d6-4803-baca-5faaecfc33cb,0
650,location,MC1,,e8036bce-0679-41d2-aa7b-d444163ae65a,0
655,,MC1,,AlaÄum KanuuxÌ,0
660,organization,MC1,,25652724,0
665,location,MC1,,dff423b9-cf9a-4b0a-849f-ecb513924287,0
670,organization,MC1,,937182447,0
675,organization,MC1,,859375359,0
680,location,MC1,,c9b9c344-98ec-40b8-af05-8528e5d82534,0
685,organization,MC1,,39,0
690,vessel,MC1,,19,0
695,organization,MC1,,45,0
700,person,MC1,Country_271835,Isaiah Hammond,0
705,person,MC1,Country_271835,Gregory Moore,0
710,location,MC1,,cefaf8b3-3aa2-4c59-b4aa-7974c8e1fe32,0
715,location,MC1,,52e9a600-9d6f-4683-95be-c7c60c57ffe1,0
720,organization,MC1,,8609,0
725,organization,MC1,,5415,0
730,organization,MC1,,528,0
735,location,MC1,,ae88562c-5c39-4c15-b128-b4f67f5e5812,0
740,location,MC1,,2ceda972-c633-4a88-bbe8-a4fe48cb5555,0
745,,MC1,,âU,0
750,political_organization,MC1,,228,0
755,person,MC1,Country_459036,Kristin Davidson,0
760,organization,MC1,,90254947,0
765,organization,MC1,,555217629,0
770,person,MC1,Country_931736,Zachary Petersen,0
775,person,MC1,Riodelsol,Ronald Mahoney,0
780,person,MC1,Country_271835,Steven Huynh,0
785,,MC1,,Mexicoâs YucatÃ,0
790,person,MC1,Country_271835,Judy Johns,0
795,,MC1,,âpioneersâ,0
800,person,MC1,Country_271835,Elizabeth Dean,0
805,movement,MC1,,days,0
810,organization,MC1,,20571414,0
815,person,MC1,Marebak,Alan Wells,0
820,person,MC1,Country_271835,Stephanie Robinson,0
825,vessel,MC1,,Leng 999 Gal,0
830,event,MC1,,âCollecting,0
835,,MC1,,âcollaborativeâ,0
840,person,MC1,Country_271835,Christopher Daniel,0
845,organization,MC1,,1301719,0
850,person,MC1,Country_271835,Crystal Smith,0
855,organization,MC1,,28379,0
860,location,MC1,,5ede75fe-f670-4a59-b693-da34e7f6eb47,0
865,organization,MC1,,102642,0
870,person,MC1,Country_271835,Jasmine Camacho,0
875,person,MC1,Country_789037,Jessica Brown,0
880,person,MC1,Country_271835,Jennifer Meyers,0
885,organization,MC1,,111795162,0
890,organization,MC1,,56,0
895,organization,MC1,,314,0
900,person,MC1,Country_449947,Dawn Sanchez,0
905,person,MC1,Country_204272,David Larsen,0
910,person,MC1,Country_271835,Terry Murphy,0
915,person,MC1,Country_271835,Mary Horton,0
920,person,MC1,Country_271835,Dylan Roberts,0
925,location,MC1,,da75877e-ec57-42cc-82b9-de68c8d333e7,0
930,political_organization,MC1,,950296,0
935,person,MC1,Country_271835,Jennifer Simmons,0
940,political_organization,MC1,,27078926,0
945,political_organization,MC1,,8597,0
950,location,MC1,,ec1b111d-b9eb-4eef-ab00-ff7124cca480,0
955,company,MC1,Country_271835,OceanicOrigin Foods Co and Son's,0
960,organization,MC1,,71755,0
965,company,MC1,Country_271835,Ola de la Costa S.A. de C.V.,0
970,person,MC1,Country_271835,Margaret Shields,0
975,person,MC1,Country_271835,Brian Wolfe,0
980,person,MC1,Country_271835,Frank Guzman,0
985,,MC1,,âpresumedâ,0
990,company,MC1,Country_271835,xu y Ltd. Corporation,0
995,organization,MC1,,21724,0
1000,organization,MC1,,30700925,0
1005,organization,MC1,,58623386,0
1010,organization,MC1,,34252,0
1015,person,MC1,Oceanus,Audrey Romero,0
1020,vessel,MC1,,reefers,0
1025,organization,MC1,,1360,0
1030,location,MC1,,19a4297e-2d2b-47c0-9dce-816148a16f4e,0
1035,person,MC1,Country_271835,Mr. Justin Bailey MD,0
1040,movement,MC1,,three,0
1045,person,MC1,Country_271835,John Barnes DDS,0
1050,person,MC1,Arreciviento,Joshua Garrett,0
1055,organization,MC1,,695031,0
1060,organization,MC1,,23774,0
1065,person,MC1,Country_271835,Jennifer Reilly,0
1070,organization,MC1,,7441,0
1075,organization,MC1,,58666504,0
1080,organization,MC1,,613465161,0
1085,organization,MC1,,90,0
1090,person,MC1,Country_271835,Jenna Barton,0
1095,person,MC1,Country_271835,John Hutchinson,0
1100,location,MC1,,88e9e7e8-3edf-4fd4-959d-8ec4f53e59d6,0
1105,vessel,MC1,,Chinook,0
1110,political_organization,MC1,,40,0
1115,organization,MC1,,767,0
1120,organization,MC1,,1012,0
1125,person,MC1,Country_271835,William Williams,0
1130,person,MC1,Country_271835,Scott Wright,0
1135,person,MC1,Country_271835,James Hernandez,0
1140,political_organization,MC1,,54,0
1145,person,MC1,Country_271835,Lauren Jackson DDS,0
1150,person,MC1,Country_990614,Erica Cisneros,0
1155,organization,MC1,,506986590,0
1160,company,MC1,Country_283574,Dry Creek Marine sanctuary,0
1165,person,MC1,Country_271835,Laurie Clark,0
1170,organization,MC1,,38,0
1175,organization,MC1,,461553,0
1180,company,MC1,Country_271835,Charles OJSC Marine conservation,0
1185,vessel,MC1,,coastguard,0
1190,organization,MC1,,135024,0
1195,location,MC1,,0ae94787-4593-4139-848d-9174ea13ac23,0
1200,organization,MC1,,996,0
1205,person,MC1,Oceanus,Frederick Hunter,0
1210,location,MC1,,e5e2e269-ccc5-4e16-88a8-e909c1fa32db,0
1215,location,MC1,,a96730cc-485e-46be-aba4-339442bacd8d,0
1220,vessel,MC1,,USS Hurricane,0
1225,organization,MC1,,16,0
1230,organization,MC1,,595038316,0
1235,organization,MC1,,7480,0
1240,location,MC1,,97836b65-db6a-43bf-9467-cf57d84645ff,0
1245,vessel,MC1,,Long Xing 629,0
1250,person,MC1,Country_271835,Stephanie Thompson,0
1255,person,MC1,Country_271835,Michael Wagner,0
1260,person,MC1,Country_271835,Hannah Chandler,0
1265,,MC1,,âWe fins,0
1270,person,MC1,Country_948318,Robert Nguyen,0
1275,person,MC1,Oceanus,Patricia Bowen,0
1280,company,MC1,Country_271835,Mar del Norte Ferry,0
1285,person,MC1,Country_242593,Danielle Valdez,0
1290,organization,MC1,,74211169,0
1295,vessel,MC1,,Coast Guard Cutter Edgar Culbertson,0
1300,organization,MC1,,567217,0
1305,organization,MC1,,938816,0
1310,person,MC1,Country_271835,Andre Phillips,0
1315,organization,MC1,,11,0
1320,organization,MC1,,86,0
1325,person,MC1,Country_271835,Michelle Singh,0
1330,person,MC1,Country_271835,Chad Nichols,0
1335,person,MC1,Uzifrica,Tony Patterson,0
1340,person,MC1,Marebak,Anna Smith,0
1345,location,MC1,,6b58646e-1d3a-4b72-b8a0-9f57c296d73d,0
1350,person,MC1,Country_271835,Christine Chaney,0
1355,organization,MC1,,75,0
1360,person,MC1,Brindivaria,Ryan Garrett,0
1365,location,MC1,,6ead18ca-3084-4f8e-9c1e-a5e470fc5935,0
1370,person,MC1,Country_271835,Elaine Duncan,0
1375,location,MC1,,d4947401-8ec7-48b9-a66f-45d983d59e0a,0
1380,organization,MC1,,82462633,0
1385,event,MC1,,summer,0
1390,person,MC1,Country_271835,Timothy Hernandez,0
1395,person,MC1,Country_271835,David Nunez MD,0
1400,organization,MC1,,307,0
1405,,MC1,,territory American Samoa,0
1410,company,MC1,Country_271835,Seashell Sanctum SRL Transport,0
1415,,MC1,,âeared sealsâ,0
1420,organization,MC1,,7892,0
1425,person,MC1,Kethanor,Teresa Gardner,0
1430,event,MC1,,âit,0
1435,person,MC1,Country_271835,Zachary Jordan,0
1440,,MC1,,nigeria,0
1445,person,MC1,Syrithania,Mrs. Melinda Richardson,0
1450,location,MC1,,23f52980-e4f4-43da-ac02-9c1eef637751,0
1455,location,MC1,,e4e5b1ca-e210-4d3f-8cea-fa5c2309340f,0
1460,person,MC1,Country_271835,Diana Kelley,0
1465,person,MC1,Country_980042,Gary Crawford PhD,0
1470,person,MC1,Country_271835,Paul Parker,0
1475,organization,MC1,,48115,0
1480,organization,MC1,,555,0
1485,,MC1,,ItaquaÃ,0
1490,person,MC1,Country_271835,Margaret Ward,0
1495,event,MC1,,âAs,0
1500,organization,MC1,,23990411,0
1505,person,MC1,Country_271835,Tyler Blanchard,0
1510,location,MC1,,e0cdfc51-7473-481d-8900-03f66d6e359e,0
1515,location,MC1,,f6cca381-c55e-44cc-b685-6c4139459b96,0
1520,,MC1,,âMoby-Dickâ,0
1525,person,MC1,Country_271835,Helen Chase,0
1530,person,MC1,Country_271835,Gary Dunn,0
1535,organization,MC1,,36033030,0
1540,person,MC1,Country_271835,Linda Holden,0
1545,,MC1,,âBHFâ,0
1550,event,MC1,,âlast week,0
1555,vessel,MC1,,Rapido beam,0
1560,location,MC1,,91a2a8e6-f56f-4663-8be9-0bbfd5440489,0
1565,vessel,MC1,,diesel,0
1570,organization,MC1,,25,0
1575,location,MC1,,da91eeb8-11f7-4634-95e7-f9413e9957aa,0
1580,organization,MC1,,6185842,0
1585,person,MC1,Country_271835,Olivia Bailey,0
1590,organization,MC1,,941899076,0
1595,,MC1,,âcardingâ,0
1600,organization,MC1,,449820,0
1605,event,MC1,,âMoreover,0
1610,location,MC1,,85b8a8cf-7f07-4bab-8b44-1d79940aab8d,0
1615,,MC1,,Â£9,0
1620,organization,MC1,,1341798,0
1625,person,MC1,Country_271835,Melinda Williams,0
1630,person,MC1,Country_271835,Anna Thomas MD,0
1635,,MC1,,Â£800,0
1640,location,MC1,,813be272-d3de-43c9-90be-ab14231fcf17,0
1645,organization,MC1,,203,0
1650,organization,MC1,,379284134,0
1655,vessel,MC1,,waterâs,0
1660,location,MC1,,0d1c7ce3-7243-47c0-9280-a3262b52dc0f,0
1665,vessel,MC1,,Montrose,0
1670,company,MC1,Country_271835,Khundu Ltd. Liability Co,0
1675,organization,MC1,,6980,0
1680,organization,MC1,,88813246,0
1685,,MC1,,waterâ,0
1690,vessel,MC1,,Aine,0
1695,person,MC1,Oceanus,Joshua Haynes,0
1700,political_organization,MC1,,37992687,0
1705,organization,MC1,,58877070,0
1710,organization,MC1,,1338687,0
1715,,MC1,,SIMPComplianceGuide,0
1720,person,MC1,Country_271835,Matthew Mack,0
1725,,MC1,,krxd,0
1730,vessel,MC1,,Snow Crab,0
1735,organization,MC1,,1576352,0
1740,person,MC1,Country_271835,Makayla Anderson,0
1745,person,MC1,Country_271835,Brittany Ryan,0
1750,organization,MC1,,94361818,0
1755,person,MC1,Country_271835,Joshua Roberts,0
1760,organization,MC1,,4657860,0
1765,,MC1,,Marsâ,0
1770,organization,MC1,,39995740,0
1775,event,MC1,,Hubble,0
1780,vessel,MC1,,Spaceflight,0
1785,vessel,MC1,,HawkEye,0
1790,location,MC1,,25a765f4-b6d0-4588-9a7a-0798de847cfd,0
1795,organization,MC1,,34731154,0
1800,location,MC1,,b3de0895-285e-4ea8-99bb-ffdc763f7038,0
1805,vessel,MC1,,Abrams MIA2,0
1810,organization,MC1,,418382,0
1815,location,MC1,,6c348030-e9d4-4ddc-8ec8-30ac227c6a14,0
1820,person,MC1,Country_271835,Daniel Burton,0
1825,,MC1,,US Special Operations SOF,0
1830,political_organization,MC1,,327979,0
1835,,MC1,,âbossesâ,0
1840,person,MC1,Country_271835,Jennifer Washington,0
1845,organization,MC1,,3731,0
1850,,MC1,,MCDP,0
1855,organization,MC1,,268393514,0
1860,vessel,MC1,,Ships,0
1865,vessel,MC1,,Vehicle Land,0
1870,organization,MC1,,6204,0
1875,vessel,MC1,,Perch,0
1880,organization,MC1,,500633954,0
1885,,MC1,,âdimersalâ,0
1890,vessel,MC1,,CraftâLaw,0
1895,person,MC1,Country_271835,Kristin Dawson,0
1900,vessel,MC1,,electric,0
1905,organization,MC1,,2658,0
1910,event,MC1,,Months,0
1915,organization,MC1,,280094,0
1920,organization,MC1,,669,0
1925,person,MC1,Country_271835,Lindsey Conway,0
1930,organization,MC1,,47261702,0
1935,location,MC1,,a0ea93dc-6767-4682-b424-21b5a24ea24b,0
1940,event,MC1,,90,0
1945,location,MC1,,6f59e8d7-8f5d-4a7d-a3a4-50ddcb7ad9ad,0
1950,person,MC1,Country_271835,Breanna Welch DDS,0
1955,company,MC1,Country_342065,The Salty Pearl River S.p.A. Export,0
1960,location,MC1,,af9758b0-e4f9-4e08-8dd9-09abc903e4b5,0
1965,location,MC1,,5025f249-0b3c-4741-a7aa-090d93395acf,0
1970,organization,MC1,,813,0
1975,location,MC1,,0efa50f3-533d-4775-94fa-54cd1c480587,0
1980,organization,MC1,,4627,0
1985,person,MC1,Country_271835,Denise Vance,0
1990,organization,MC1,,493641959,0
1995,person,MC1,Country_271835,Austin Welch,0
2000,organization,MC1,,4942,0
2005,organization,MC1,,5865,0
2010,,MC1,,Pontus Navigation Corp,0
2015,organization,MC1,,52193,0
2020,organization,MC1,,483398,0
2025,person,MC1,Oceanus,Jorge Davidson,0
2030,person,MC1,Country_271835,Andrew Graves,0
2035,person,MC1,Country_271835,Daniel Obrien,0
2040,person,MC1,Country_271835,Michael Vazquez,0
2045,person,MC1,Country_271835,Robert Garcia,0
2050,location,MC1,,74390fc5-8dc6-4511-a0a8-bc360409b805,0
2055,person,MC1,Country_271835,James Horton,0
2060,person,MC1,Country_271835,Alyssa Gonzalez,0
2065,person,MC1,Country_271835,Krista Harris,0
2070,organization,MC1,,9098,0
2075,company,MC1,Country_323509,Nutica del Sol AG,0
2080,political_organization,MC1,,288971672,0
2085,person,MC1,Country_271835,Amanda Dean,0
2090,person,MC1,Country_271835,Martin Bell,0
2095,organization,MC1,,299,0
2100,person,MC1,Country_789455,John Hall,0
2105,organization,MC1,,298930,0
2110,person,MC1,Country_990614,Samuel Dunn,0
2115,organization,MC1,,9979944,0
2120,person,MC1,Country_271835,William Kim,0
2125,person,MC1,Country_271835,Daniel Chang,0
2130,person,MC1,Country_271835,Jeff Sullivan,0
2135,person,MC1,Country_271835,Elizabeth Jones,0
2140,person,MC1,Country_271835,Stephanie Wiley,0
2145,person,MC1,Country_271835,Jessica Figueroa DDS,0
2150,person,MC1,Country_271835,Dr. Daniel Massey,0
2155,,MC1,,Easterlingsâ,0
2160,person,MC1,Rio Isla,Daniel Pruitt,0
2165,location,MC1,,a2ac0390-407f-4a94-bc19-6d58d36ea69a,0
2170,organization,MC1,,3896,0
2175,organization,MC1,,798,0
2180,organization,MC1,,245484,0
2185,organization,MC1,,254340176,0
2190,organization,MC1,,402,0
2195,person,MC1,Country_271835,Kevin Burnett,0
2200,,MC1,,22 Raptor,0
2205,person,MC1,Country_271835,Annette Barrett,0
2210,person,MC1,Country_271835,Melissa Bates,0
2215,organization,MC1,,381051499,0
2220,political_organization,MC1,,789040,0
2225,,MC1,,Covid,0
2230,person,MC1,Country_271835,Seth Kelley,0
2235,,MC1,,ââ¯The,0
2240,person,MC1,Country_940095,Keith Compton,0
2245,organization,MC1,,32,0
2250,person,MC1,Country_271835,Paul Johnson,0
2255,location,MC1,,4eddaaa4-6306-467e-a7f4-27a58559e535,0
2260,organization,MC1,,8541598,0
2265,organization,MC1,,5276019,0
2270,location,MC1,,88b35c10-45ae-4ded-ae4a-6cad038cfd91,0
2275,location,MC1,,90be60b1-61d8-4115-b133-e4c8e09383eb,0
2280,organization,MC1,,67716449,0
2285,location,MC1,,d6dbac2d-ba76-4503-be09-e0444b936bd0,0
2290,location,MC1,,7f3d323d-54e3-49f8-9c28-7aa5cb4c7248,0
2295,vessel,MC1,,electric cars,0
2300,location,MC1,,06c85abe-f160-4a9f-bfb2-d58099a6be80,0
2305,,MC1,,estÃ,0
2310,organization,MC1,,4356,0
2315,person,MC1,Country_54147,Michael Johnson,0
2320,organization,MC1,,29167335,0
2325,person,MC1,Riodelsol,Luis Jones,0
2330,location,MC1,,1eb512b7-c4ce-4b7e-9965-2236bf1afc9e,0
2335,person,MC1,Country_214033,William Rivera,0
2340,political_organization,MC1,,626,0
2345,person,MC1,Zambalantis,Michael Andrews,0
2350,person,MC1,Oceanterra,Mark Hernandez PhD,0
2355,organization,MC1,,5700,0
2360,organization,MC1,,8503254,0
2365,person,MC1,Country_271835,Brooke Collins,0
2370,person,MC1,Country_271835,Randall Newman,0
2375,person,MC1,Country_271835,Gina Armstrong DDS,0
2380,person,MC1,Country_11605,Patrick Cannon,0
2385,person,MC1,Country_271835,Richard Fleming,0
2390,,MC1,,Feb,0
2395,person,MC1,Country_271835,Terry Mcknight,0
2400,person,MC1,Country_271835,Travis Rivera,0
2405,political_organization,MC1,,436460757,0
2410,person,MC1,Country_271835,Robert Shaffer,0
2415,organization,MC1,,7674777,0
2420,political_organization,MC1,,6352,0
2425,person,MC1,Country_271835,Matthew Sutton,0
2430,political_organization,MC1,,176,0
2435,organization,MC1,,8814,0
2440,organization,MC1,,90831,0
2445,,MC1,,ÐœÐ° Ð±ÐŸÑÑ,0
2450,,MC1,,âPartnersâ,0
2455,person,MC1,Country_271835,Randy Logan,0
2460,person,MC1,Country_821432,Patrick Torres,0
2465,organization,MC1,,23837996,0
2470,organization,MC1,,2810009,0
2475,location,MC1,,86ac9e66-f9e8-4f2b-ad17-39a52c23288c,0
2480,person,MC1,Country_271835,Veronica Lowe,0
2485,organization,MC1,,9550,0
2490,person,MC1,Country_271835,Angel Burnett,0
2495,location,MC1,,a7479eba-319a-434f-be06-3b1c0cc928ae,0
2500,person,MC1,Country_271835,John Hernandez,0
2505,,MC1,,PÃ,0
2510,person,MC1,Country_271835,Chelsey Woodard,0
2515,organization,MC1,,5007554,0
2520,organization,MC1,,2912063,0
2525,person,MC1,Country_271835,Jeremy Jarvis,0
2530,,MC1,,âundeniableâ,0
2535,person,MC1,Country_271835,Timothy Austin,0
2540,person,MC1,Country_271835,Tammy Garcia,0
2545,movement,MC1,,In month,0
2550,person,MC1,Country_271835,Candice Brown,0
2555,person,MC1,Country_271835,Tiffany Leonard,0
2560,political_organization,MC1,,296837,0
2565,person,MC1,Arreciviento,Douglas Gordon,0
2570,organization,MC1,,400,0
2575,organization,MC1,,5508215,0
2580,company,MC1,Country_271835,SeaSelect Foods Corp Dry dock,0
2585,organization,MC1,,8251198,0
2590,,MC1,,âBanderaâ,0
2595,organization,MC1,,151159036,0
2600,company,MC1,Country_246944,Pregolya Delivery Cruise ship,0
2605,,MC1,,âtigerâ,0
2610,person,MC1,Country_244549,Julie Callahan,0
2615,person,MC1,Country_271835,Jonathan Moody,0
2620,person,MC1,Country_271835,Jennifer Wilson MD,0
2625,organization,MC1,,200,0
2630,location,MC1,,68ac10aa-80a3-4b3c-99e5-f5708715ab2c,0
2635,person,MC1,Country_271835,John Martin,0
2640,,MC1,,âsnitch,0
2645,,MC1,,âbrokerâ,0
2650,vessel,MC1,,motor,0
2655,person,MC1,Country_271835,Tamara Tyler,0
2660,organization,MC1,,719,0
2665,political_organization,MC1,,7423,0
2670,organization,MC1,,96049794,0
2675,company,MC1,Country_271835,Ancla del Mar Kga,0
2680,vessel,MC1,,Deepwater Horizon,0
2685,organization,MC1,,83241316,0
2690,organization,MC1,,507470,0
2695,organization,MC1,,39033859,0
2700,location,MC1,,a51f21a5-b410-4000-ada4-086bd2e65cb6,0
2705,movement,MC1,,30 days,0
2710,,MC1,,âDuare Rationâ,0
2715,location,MC1,,b400d237-4d56-4de8-917a-8e7654ccf315,0
2720,location,MC1,,cd7cb49f-0021-4fe9-a3a9-cc8b3fce0c57,0
2725,organization,MC1,,18403617,0
2730,location,MC1,,899ccad6-2380-4e2c-aa57-d7f487964993,0
2735,event,MC1,,Fridayâs,0
2740,location,MC1,,0223707c-6754-4419-acb2-510377eadd60,0
2745,location,MC1,,6083f325-5f17-4d41-9c22-f188f55ea9f3,0
2750,person,MC1,Country_271835,Daniel Butler,0
2755,location,MC1,,3882e922-25e9-446d-8e04-97e8875fceb2,0
2760,person,MC1,Country_271835,Brandon Stone,0
2765,organization,MC1,,7810241,0
2770,political_organization,MC1,,59409,0
2775,organization,MC1,,90411963,0
2780,,MC1,,âsatisfactoryâ,0
2785,company,MC1,Country_271835,David Seabed Inc Consulting,0
2790,person,MC1,Marebak,Maria Jackson,0
2795,location,MC1,,16778128-07fa-46dd-b229-b0c2e2233602,0
2800,person,MC1,Country_271835,Gina Knox,0
2805,person,MC1,Country_271835,Dennis Payne,0
2810,person,MC1,Country_271835,Ethan Walsh,0
2815,person,MC1,Country_271835,Christopher Berry,0
2820,person,MC1,Country_271835,Megan Gonzales,0
2825,person,MC1,Country_271835,Erika Carter,0
2830,vessel,MC1,,HMS,0
2835,person,MC1,Country_271835,Kimberly Williams,0
2840,company,MC1,Country_271835,Playa del Cielo  Marine,0
2845,,MC1,,âoverwhelmedâ,0
2850,person,MC1,Country_271835,Brittney Rice,0
2855,location,MC1,,17de5508-cf65-4e04-9bdd-acba951afe7a,0
2860,person,MC1,Country_271835,Traci Elliott,0
2865,person,MC1,Country_271835,Colin Hunter,0
2870,person,MC1,Country_271835,Warren Schwartz,0
2875,person,MC1,Country_271835,Randall Martinez,0
2880,organization,MC1,,71608,0
2885,person,MC1,Country_532332,Paul Hoover,0
2890,organization,MC1,,442,0
2895,person,MC1,Country_271835,Chad Ruiz,0
2900,person,MC1,Country_271835,Brett Lee,0
2905,location,MC1,,b120bc86-764c-4e2b-9f36-1587f91a20e3,0
2910,location,MC1,,ce8495cf-fe04-40b3-aaa2-d0bc29131f92,0
2915,company,MC1,Country_984172,Spanish Co & Son's,0
2920,company,MC1,Country_271835,Portuguese Sardines GmbH & Co. KG Line,0
2925,organization,MC1,,601882545,0
2930,location,MC1,,c495290e-2de7-487d-a139-f273c4974539,0
2935,person,MC1,Country_271835,Charlotte Lopez,0
2940,person,MC1,Country_271835,Joshua Wright,0
2945,person,MC1,Country_271835,Brett Moss,0
2950,location,MC1,,c8026923-944a-4155-b2ec-e160135e0c47,0
2955,person,MC1,Country_271835,Dana Montes,0
2960,person,MC1,Country_271835,Brittany Rivers,0
2965,person,MC1,Country_271835,Kendra Owens,0
2970,organization,MC1,,715490,0
2975,person,MC1,Country_928409,Debbie Ayala,0
2980,organization,MC1,,535955126,0
2985,person,MC1,Country_271835,Kenneth Fox,0
2990,organization,MC1,,573756802,0
2995,location,MC1,,c2d2e029-6f38-4148-9079-15615103cea6,0
3000,location,MC1,,961bafd7-8d2b-405a-9c79-0f5345498cab,0
3005,person,MC1,Marebak,Courtney Johnson,0
3010,organization,MC1,,9507963,0
3015,vessel,MC1,,AirPods,0
3020,,MC1,,vansâ,0
3025,,MC1,,âDisastrousâ,0
3030,organization,MC1,,1303,0
3035,location,MC1,,ba0514a3-9c57-4b04-a7c5-89fc0463fdda,0
3040,person,MC1,Country_271835,Deborah Porter DDS,0
3045,organization,MC1,,95291001,0
3050,person,MC1,Country_271835,Erica Parks,0
3055,person,MC1,Country_271835,Brenda Cox,0
3060,movement,MC1,,July 2036,0
3065,person,MC1,Country_615819,Melissa Norman,0
3070,person,MC1,Country_271835,Laura Jimenez,0
3075,person,MC1,Country_271835,Samantha Manning,0
3080,,MC1,,sectors sectors 2033,0
3085,,MC1,,2036-06,0
3090,person,MC1,Country_271835,Kelly Mccarthy,0
3095,,MC1,,faf.20363,0
3100,person,MC1,Country_271835,David Frederick,0
3105,location,MC1,,e631b105-4953-43e1-8d37-a3ab5dd3d860,0
3110,location,MC1,,39c767d3-a9b4-41f4-8a5d-e14b6c20a2d2,0
3115,company,MC1,Country_286580,AquaFresh Foods CJSC -,0
3120,,MC1,,FinestSea Ltd. Corporation Enterprises,0
3125,,MC1,,SeaSpray Wave SRL Solutions,0
3130,,MC1,,FiTI,0
3135,,MC1,,Mar del Paraso SRL Shipping,0
3140,,MC1,,Irish Sea Seaside GmbH & Co. KG Distribution,0
3145,,MC1,,âDo,0
3150,,MC1,,Tanzania,0
3155,,MC1,,âIllegal,0
3160,,MC1,,Fish Sea,0
3165,,MC1,,Finest Ltd. Liability Co United,0
3170,,MC1,,ânoncitizen,0
3175,,MC1,,Platts Oilgram,0
3180,,MC1,,Surf and Sand Ltd. Liability Co,0
3185,,MC1,,XUAR,0
3190,,MC1,,Estrella de Mar Limited Liability Company Delivery,0
3195,,MC1,,Isa,0
3200,,MC1,,BPâs,0
3205,,MC1,,Firearms Explosives,0
3210,,MC1,,Andhra Pradesh  S.A. de C.V.,0
3215,,MC1,,Salles Operation Handroanthus,0
3220,,MC1,,Debit Cards Autopay,0
3225,,MC1,,itâs,0
3230,,MC1,,Innovative,0
3235,,MC1,,Okavango Delta Seaside Limited Liability Company Logistics,0
3240,,MC1,,SMILE,0
3245,,MC1,,Chuan gou Company Overseas,0
3250,,MC1,,The Salty Dog Tidepool Kga Transport,0
3255,,MC1,,Four,0
3260,,MC1,,United Bankx,0
3265,,MC1,,Irish Sea SRL Brothers,0
3270,,MC1,,Edward Ferry SE Transportation,0
3275,,MC1,,Ware,0
3280,,MC1,,Aqua Ambassadors Limited Liability Company,0
3285,,MC1,,Costa del Mar S.p.A.,0
3290,,MC1,,âbracatinga,0
3295,,MC1,,Food,0
3300,,MC1,,Blue Water Ventures Kga,0
3305,,MC1,,Tuna Vietnam,0
3310,,MC1,,Chuan gou Corporation Transportation,0
3315,,MC1,,Metro Marinen,0
3320,,MC1,,Rickard shrimp,0
3325,,MC1,,USINC,0
3330,,MC1,,Farmers,0
3335,,MC1,,Prod,0
3340,,MC1,,drayage companies,0
3345,,MC1,,Fresh On Time Seafood,0
3350,,MC1,,âUS,0
3355,,MC1,,Orange River  AS Logistics,0
3360,,MC1,,Pb Brasil Industries,0
3365,,MC1,,Estrella del Mar Pic,0
3370,,MC1,,Sp,0
3375,,MC1,,Lake Tanganyika Sea AS Shipping,0
3380,,MC1,,Tombow,0
3385,,MC1,,Logistics,0
3390,,MC1,,MV,0
3395,,MC1,,Sea Seekers Merchants Cruise ship,0
3400,,MC1,,C Express,0
3405,,MC1,,Zerzaâs,0
3410,,MC1,,All,0
3415,,MC1,,Marmooska Shipyard Sagl United,0
3420,,MC1,,Haryana s Ltd. Corporation Carriers,0
3425,,MC1,,Ocano del Este SE,0
