Unnamed: 0,type,dataset,country,id,weight
1191,organization,MC1,,38844,0
2941,person,MC1,Country_271835,Mary Harrington,0
2273,person,MC1,Country_271835,Lindsey Barr,0
1879,vessel,MC1,,driftnets,0
523,political_organization,MC1,,704,0
520,organization,MC1,,515270,0
161,organization,MC1,,12731,0
2683,person,MC1,Country_271835,Marvin Evans,0
1887,person,MC1,Country_271835,Cynthia Huff,0
2191,person,MC1,Polarisdom,Jon White,0
53,organization,MC1,,664738735,0
3001,organization,MC1,,5334,0
2585,organization,MC1,,8251198,0
720,organization,MC1,,8609,0
612,organization,MC1,,874124852,0
625,person,MC1,Country_271835,Teresa Rivera,0
992,organization,MC1,,89035,0
1638,organization,MC1,,99233,0
1349,organization,MC1,,87278,0
955,company,MC1,Country_271835,OceanicOrigin Foods Co and Son's,0
1921,person,MC1,Country_271835,Elizabeth Anderson,0
409,person,MC1,Country_271835,Joshua Baker,0
957,organization,MC1,,852015,0
1168,person,MC1,Country_198078,Keith Webb,0
1420,organization,MC1,,7892,0
2447,person,MC1,Country_271835,Janet Floyd,0
678,organization,MC1,,36322,0
1609,person,MC1,Country_271835,Daniel Roberts,0
1859,person,MC1,Country_271835,Maurice Figueroa,0
132,organization,MC1,,8698,0
1908,organization,MC1,,354,0
578,person,MC1,Country_271835,Brian Palmer,0
183,company,MC1,Oceanus,Turkish Sword Buoy Incorporated Forwading,0
2937,organization,MC1,,86034444,0
2986,organization,MC1,,777,0
2518,person,MC1,Country_271835,Richard Smith,0
993,person,MC1,Wysterion,Tristan Johnson,0
285,person,MC1,Country_271835,Timothy Cuevas,0
2126,person,MC1,Country_271835,Victoria Gonzalez,0
1372,organization,MC1,,604905,0
358,organization,MC1,,951093,0
1542,person,MC1,Country_271835,Amanda Garcia,0
93,organization,MC1,,425887173,0
2816,person,MC1,Country_271835,James Patterson,0
862,person,MC1,Country_271835,Brandon Jackson,0
2067,organization,MC1,,76030,0
1014,organization,MC1,,150674265,0
1626,organization,MC1,,614,0
1708,person,MC1,Country_271835,Blake Smith,0
631,organization,MC1,,4382,0
2999,organization,MC1,,812137,0
2418,organization,MC1,,45620,0
2903,person,MC1,Country_271835,Ronnie Gates,0
2778,person,MC1,Country_271835,Sarah Williams,0
1876,organization,MC1,,576618,0
2848,person,MC1,Country_271835,Gregory Marsh,0
258,organization,MC1,,48605,0
668,organization,MC1,,7413,0
128,person,MC1,Oceanus,Maria Mitchell,0
1054,organization,MC1,,6335187,0
1232,organization,MC1,,73704,0
894,person,MC1,Country_271835,Misty Thomas,0
2574,company,MC1,Country_982684,Olas del Sur Inc,0
1144,person,MC1,Country_271835,Christopher Simon,0
917,person,MC1,Country_800653,Mr. Mark Kline,0
1693,organization,MC1,,77,0
415,person,MC1,Country_245265,Erik Johnson,0
2500,person,MC1,Country_271835,John Hernandez,0
216,person,MC1,Country_951683,Dakota Hansen,0
3058,organization,MC1,,1263250,0
2410,person,MC1,Country_271835,Robert Shaffer,0
675,organization,MC1,,859375359,0
14,person,MC1,Country_271835,Joseph Griffin,0
2537,organization,MC1,,540613204,0
2188,political_organization,MC1,,9345,0
2262,organization,MC1,,5362,0
2406,organization,MC1,,93865,0
214,person,MC1,Country_271835,Natasha Phillips,0
1150,person,MC1,Country_990614,Erica Cisneros,0
339,organization,MC1,,31408,0
2674,person,MC1,Country_271835,Thomas Watkins,0
1954,person,MC1,Country_271835,Kevin Morris,0
1069,organization,MC1,,3782,0
179,organization,MC1,,27,0
1013,organization,MC1,,17,0
1053,organization,MC1,,7234,0
2263,person,MC1,Country_271835,Dr. Christina Jensen DDS,0
1993,person,MC1,Marebak,Erica Hamilton,0
2757,political_organization,MC1,,878521,0
1473,person,MC1,Country_271835,Jessica Gibson,0
353,organization,MC1,,410,0
2205,person,MC1,Country_271835,Annette Barrett,0
2370,person,MC1,Country_271835,Randall Newman,0
1756,person,MC1,Country_271835,Denise Moore,0
2405,political_organization,MC1,,436460757,0
1539,organization,MC1,,19471,0
1632,organization,MC1,,3857345,0
1337,organization,MC1,,683962,0
65,person,MC1,Country_271835,Kristin Graham,0
313,organization,MC1,,743225,0
84,person,MC1,Country_271835,Alyssa Huffman,0
1991,organization,MC1,,8980454,0
1023,person,MC1,Country_271835,Ronnie Burns,0
1593,organization,MC1,,9636,0
2812,person,MC1,Country_271835,Alexandra Jackson,0
839,organization,MC1,,138782226,0
1290,organization,MC1,,74211169,0
2356,organization,MC1,,93380783,0
775,person,MC1,Riodelsol,Ronald Mahoney,0
224,vessel,MC1,,water fishing,0
948,organization,MC1,,97,0
551,organization,MC1,,1334578,0
2871,organization,MC1,,72092,0
1984,organization,MC1,,444,0
2696,organization,MC1,,62532,0
2506,organization,MC1,,82651,0
637,company,MC1,Country_271835,Playa del Mar Caviar,0
2770,political_organization,MC1,,59409,0
1682,organization,MC1,,9238420,0
2516,organization,MC1,,72630,0
2783,organization,MC1,,63548588,0
1035,person,MC1,Country_271835,Mr. Justin Bailey MD,0
320,person,MC1,Country_271835,Vanessa Avila,0
772,person,MC1,Country_271835,Charles Tran,0
1335,person,MC1,Uzifrica,Tony Patterson,0
2543,person,MC1,Country_271835,James Knight,0
2667,organization,MC1,,649,0
18,organization,MC1,,8,0
1600,organization,MC1,,449820,0
1309,company,MC1,Country_271835,Cape Verde Islands Oyj,0
759,organization,MC1,,7529,0
1086,organization,MC1,,353149780,0
2920,company,MC1,Country_271835,Portuguese Sardines GmbH & Co. KG Line,0
1049,organization,MC1,,9590898,0
1623,person,MC1,Country_271835,Paula King,0
2177,person,MC1,Country_247330,Barry Harris,0
1161,organization,MC1,,1214936,0
3006,organization,MC1,,613556,0
2978,organization,MC1,,6513816,0
844,person,MC1,Oceanus,Kristine Vaughn,0
1553,person,MC1,Country_271835,Bradley Murphy,0
980,person,MC1,Country_271835,Frank Guzman,0
935,person,MC1,Country_271835,Jennifer Simmons,0
101,organization,MC1,,740523,0
1916,organization,MC1,,40676,0
1574,organization,MC1,,75399,0
146,organization,MC1,,380,0
910,person,MC1,Country_271835,Terry Murphy,0
2814,person,MC1,Country_271835,Crystal Hunter,0
810,organization,MC1,,20571414,0
479,organization,MC1,,544344,0
1529,person,MC1,Uzilandor,Jonathan Torres,0
3055,person,MC1,Country_271835,Brenda Cox,0
815,person,MC1,Marebak,Alan Wells,0
2093,organization,MC1,,8325,0
2375,person,MC1,Country_271835,Gina Armstrong DDS,0
804,person,MC1,Country_271835,Scott Brown,0
2260,organization,MC1,,8541598,0
1171,person,MC1,Country_271835,Elijah Gordon,0
1982,person,MC1,Country_271835,Jennifer Parsons,0
1672,organization,MC1,,637608,0
263,organization,MC1,,908724,0
2593,person,MC1,Arreciviento,Vanessa Chandler,0
1044,person,MC1,Country_271835,Jennifer Brown,0
115,company,MC1,Country_271835,Viento Azul Harbor LLC Investment,0
1856,organization,MC1,,55242,0
2106,person,MC1,Country_789455,Mark Garcia,0
45,organization,MC1,,4,0
1603,organization,MC1,,76609426,0
769,person,MC1,Country_271835,Meghan Wolfe,0
2014,organization,MC1,,54726,0
586,organization,MC1,,657,0
2142,person,MC1,Nalakond,William Fernandez,0
1228,person,MC1,Country_271835,Briana Johnson,0
2894,organization,MC1,,753,0
404,organization,MC1,,98332,0
1096,person,MC1,Country_271835,Daniel Wood,0
334,organization,MC1,,53073557,0
2859,person,MC1,Country_271835,Diane Young,0
2722,company,MC1,Country_271835,James Limited Liability Company Logistics,0
859,company,MC1,Marebak,Tshikwea Corp Marine sanctuary,0
2059,person,MC1,Oceanus,Rebecca Caldwell,0
2541,person,MC1,Country_950691,Jamie Robinson,0
1740,person,MC1,Country_271835,Makayla Anderson,0
1651,organization,MC1,,55394387,0
270,organization,MC1,,277983365,0
2785,company,MC1,Country_271835,David Seabed Inc Consulting,0
2796,person,MC1,Country_271835,Elizabeth Mccarty,0
1090,person,MC1,Country_271835,Jenna Barton,0
1123,organization,MC1,,724,0
2247,organization,MC1,,88295922,0
2754,person,MC1,Ivarisia,Lisa Lewis,0
2430,political_organization,MC1,,176,0
2004,organization,MC1,,923825740,0
249,organization,MC1,,200640636,0
552,organization,MC1,,7670,0
2789,organization,MC1,,14636,0
1906,organization,MC1,,5698,0
24,company,MC1,Country_271835,Saltwater Solitude GmbH & Co. KG,0
296,organization,MC1,,5705060,0
2070,organization,MC1,,9098,0
13,person,MC1,Country_271835,William Bradley,0
549,person,MC1,Country_271835,Jeffrey Yates,0
1713,organization,MC1,,1765605,0
2144,person,MC1,Country_271835,Christina Chavez,0
2031,person,MC1,Country_271835,Mathew Taylor,0
763,person,MC1,Country_895471,Peter Oliver,0
2203,person,MC1,Country_271835,Jessica Kelly,0
2321,political_organization,MC1,,73,0
2025,person,MC1,Oceanus,Jorge Davidson,0
2637,person,MC1,Country_271835,David Romero,0
2053,person,MC1,Country_271835,Katrina Nguyen,0
1783,organization,MC1,,6107715,0
271,company,MC1,Rio Isla,Playa del Cielo Kga,0
878,person,MC1,Country_271835,Bethany Wright,0
823,person,MC1,Country_271835,Jerry Montgomery,0
3010,organization,MC1,,9507963,0
1244,person,MC1,Country_271835,Amanda Contreras,0
2768,organization,MC1,,4524860,0
1979,organization,MC1,,93252,0
2476,organization,MC1,,7443,0
1814,organization,MC1,,1252007,0
1536,person,MC1,Country_271835,Todd Lane,0
666,organization,MC1,,993137821,0
2237,person,MC1,Country_271835,Zachary Sellers,0
62,organization,MC1,,35,0
596,organization,MC1,,737137552,0
2911,organization,MC1,,6071877,0
2954,organization,MC1,,2919,0
2829,organization,MC1,,91810266,0
1177,organization,MC1,,71,0
42,person,MC1,Country_271835,Martha Robbins,0
2867,organization,MC1,,135338,0
1338,person,MC1,Country_271835,Anna Johnson,0
2989,organization,MC1,,868626239,0
2981,organization,MC1,,8211361,0
2648,organization,MC1,,9768,0
962,organization,MC1,,61057213,0
1224,person,MC1,Country_271835,Wesley Vasquez,0
2643,person,MC1,Country_271835,Eugene Martin,0
1032,person,MC1,Country_271835,Danielle Camacho,0
576,organization,MC1,,13863,0
1746,person,MC1,Islavaria,Dana Knapp,0
2892,organization,MC1,,826749274,0
2156,person,MC1,Country_271835,Seth Peters,0
1792,company,MC1,Country_271835,Madhya Pradesh Market Pic Transportation,0
282,organization,MC1,,486,0
1927,person,MC1,Country_271835,Ryan Perez,0
3069,person,MC1,Country_271835,Damon Nelson,0
410,organization,MC1,,4764109,0
1622,person,MC1,Country_271835,Danielle Perry,0
2307,person,MC1,Country_271835,Caleb Webster,0
2159,organization,MC1,,82379,0
2175,organization,MC1,,798,0
1152,person,MC1,Country_271835,Heather Hill,0
960,organization,MC1,,71755,0
2520,organization,MC1,,2912063,0
2522,person,MC1,Country_271835,Gregory Williams,0
2685,organization,MC1,,83241316,0
2825,person,MC1,Country_271835,Erika Carter,0
1601,organization,MC1,,6406914,0
1571,organization,MC1,,96,0
2487,person,MC1,Country_271835,Roger Jordan,0
2026,person,MC1,Kethanor,Ruben Fowler,0
2174,person,MC1,Oceanus,James Valencia,0
2480,person,MC1,Country_271835,Veronica Lowe,0
2763,person,MC1,Country_271835,Leslie Wood,0
1087,organization,MC1,,2913,0
1193,person,MC1,Country_271835,Allison Rodgers,0
272,organization,MC1,,26431,0
1818,person,MC1,Country_996415,Danielle Sosa,0
99,organization,MC1,,610,0
1447,organization,MC1,,30141220,0
941,organization,MC1,,2983,0
1855,organization,MC1,,268393514,0
78,political_organization,MC1,,348079,0
105,organization,MC1,,69150209,0
2557,organization,MC1,,51354617,0
1154,organization,MC1,,42258,0
373,organization,MC1,,59,0
1631,person,MC1,Oceanus,Michele Black,0
2401,person,MC1,Country_271835,Larry Morrow,0
732,company,MC1,Marebak,Rybachit Limited Liability Company,0
1953,person,MC1,Country_271835,Tracy Rogers,0
251,organization,MC1,,144431,0
148,organization,MC1,,349,0
1658,person,MC1,Country_271835,Bobby Walker,0
1687,organization,MC1,,73166320,0
3021,organization,MC1,,36868,0
1618,organization,MC1,,900338,0
2478,organization,MC1,,775841,0
893,organization,MC1,,98703,0
1369,organization,MC1,,55301,0
232,organization,MC1,,3009706,0
2979,organization,MC1,,43797101,0
2595,organization,MC1,,151159036,0
1286,person,MC1,Country_271835,Susan Williamson,0
584,organization,MC1,,85946,0
524,person,MC1,Country_271835,Elizabeth Savage,0
841,person,MC1,Country_887466,Linda Sherman,0
1718,person,MC1,Country_271835,Stacy Castillo,0
2210,person,MC1,Country_271835,Melissa Bates,0
2060,person,MC1,Country_271835,Alyssa Gonzalez,0
913,organization,MC1,,43247945,0
2956,organization,MC1,,1518,0
2291,person,MC1,Country_271835,Jason Hughes,0
1735,organization,MC1,,1576352,0
1920,organization,MC1,,669,0
1315,organization,MC1,,11,0
836,person,MC1,Syrithania,Xavier Sanchez,0
1142,organization,MC1,,87648111,0
2363,person,MC1,Country_271835,Brianna Gregory,0
39,person,MC1,Country_271835,Lisa Jimenez,0
131,person,MC1,Oceanus,Amanda Mckenzie,0
114,organization,MC1,,26676370,0
2654,person,MC1,Country_271835,Colton Olson,0
2179,person,MC1,Country_271835,April Perry,0
1479,person,MC1,Country_271835,Martin Bryant,0
1535,organization,MC1,,36033030,0
1477,person,MC1,Country_216139,Adam Gutierrez,0
1354,person,MC1,Country_271835,Thomas Adams,0
1257,person,MC1,Country_663412,Michael Chen,0
1930,organization,MC1,,47261702,0
1988,organization,MC1,,6460,0
129,organization,MC1,,9,0
1963,person,MC1,Country_271835,Robert Edwards,0
1576,organization,MC1,,720,0
2657,person,MC1,Country_271835,Elizabeth Armstrong,0
2057,company,MC1,Country_271835,Rajasthan GmbH & Co. KG,0
557,organization,MC1,,435978092,0
198,organization,MC1,,237659945,0
2005,organization,MC1,,5865,0
68,organization,MC1,,55,0
1840,person,MC1,Country_271835,Jennifer Washington,0
1811,organization,MC1,,16927047,0
1231,organization,MC1,,673431,0
2007,company,MC1,Country_271835,Baha de Coral OJSC Marine,0
1425,person,MC1,Kethanor,Teresa Gardner,0
1703,organization,MC1,,303934,0
2914,organization,MC1,,753589537,0
1226,person,MC1,Country_271835,Rebecca Adams,0
2975,person,MC1,Country_928409,Debbie Ayala,0
2808,person,MC1,Country_271835,Larry Cisneros,0
667,organization,MC1,,2421,0
195,organization,MC1,,26,0
294,organization,MC1,,737205,0
48,organization,MC1,,0,0
274,organization,MC1,,3785,0
2123,person,MC1,Country_271835,Margaret Miller,0
199,person,MC1,Country_271835,Victoria Anderson,0
1038,person,MC1,Country_271835,Paula Allen,0
2620,person,MC1,Country_271835,Jennifer Wilson MD,0
59,person,MC1,Oceanus,Jason Cameron,0
2533,organization,MC1,,55674,0
920,person,MC1,Country_271835,Dylan Roberts,0
348,organization,MC1,,70873,0
2157,person,MC1,Country_271835,Kevin Butler,0
1971,organization,MC1,,62,0
2282,organization,MC1,,4406,0
922,organization,MC1,,41695239,0
599,person,MC1,Country_271835,Matthew Martin,0
2341,person,MC1,Country_271835,Matthew Fletcher,0
2515,organization,MC1,,5007554,0
3070,person,MC1,Country_271835,Laura Jimenez,0
1297,person,MC1,Country_443882,Heidi Kline,0
1183,person,MC1,Country_271835,Brandy Williams,0
2421,person,MC1,Country_271835,Paul Wiley,0
1095,person,MC1,Country_271835,John Hutchinson,0
2875,person,MC1,Country_271835,Randall Martinez,0
2661,company,MC1,Country_271835,Sudd Swamp  Wave AS Freight ,0
1341,organization,MC1,,760219951,0
2342,person,MC1,Country_271835,Daniel Mcclain,0
2353,person,MC1,Country_271835,Jessica James,0
301,person,MC1,Country_271835,Ryan Williams,0
2801,organization,MC1,,3874,0
1582,organization,MC1,,428,0
2569,company,MC1,Country_271835,Gambia River  GmbH & Co. KG and,0
1042,person,MC1,Country_271835,Michele Hernandez,0
2781,organization,MC1,,25777,0
1233,organization,MC1,,6780,0
30,organization,MC1,,2079436,0
266,person,MC1,Country_271835,Kimberly Palmer,0
1041,person,MC1,Country_271835,Christy Fields,0
2940,person,MC1,Country_271835,Joshua Wright,0
1803,person,MC1,Country_271835,Adam Cook,0
1981,organization,MC1,,1719,0
1397,person,MC1,Country_271835,Thomas Diaz,0
959,organization,MC1,,58745,0
1061,person,MC1,Luminsia,Nicole Smith,0
2094,organization,MC1,,437212,0
2346,person,MC1,Country_271835,Lisa Gomez,0
2466,organization,MC1,,82207154,0
2461,person,MC1,Country_821432,Scott Jones,0
1541,person,MC1,Country_271835,Donna Romero,0
160,organization,MC1,,66538530,0
1719,organization,MC1,,34757443,0
1378,person,MC1,Marebak,Brooke Garza,0
2758,person,MC1,Country_271835,Robert Chang,0
1126,person,MC1,Country_271835,Vicki Owen,0
341,person,MC1,Country_271835,Kyle Stanton,0
472,person,MC1,Country_271835,Jeremy Norris,0
1941,organization,MC1,,822596165,0
2172,person,MC1,Country_271835,Lauren Smith,0
207,person,MC1,Nalakond,John Gonzalez,0
2555,person,MC1,Country_271835,Tiffany Leonard,0
2185,organization,MC1,,254340176,0
241,organization,MC1,,449308,0
250,organization,MC1,,23,0
1190,organization,MC1,,135024,0
1178,person,MC1,Oceanus,Rebecca Fox,0
2528,organization,MC1,,558,0
2934,organization,MC1,,35829746,0
3056,person,MC1,Country_271835,Suzanne Reed,0
2348,person,MC1,Zambalantis,Brenda Andrews,0
1194,organization,MC1,,759,0
245,organization,MC1,,426469,0
2422,person,MC1,Country_271835,Miranda Long,0
1749,organization,MC1,,86117,0
1326,vessel,MC1,,SSN,0
2810,person,MC1,Country_271835,Ethan Walsh,0
323,organization,MC1,,49,0
1537,person,MC1,Country_271835,Alicia Lee,0
31,person,MC1,Osterivaria,Ann Daniels,0
1460,person,MC1,Country_271835,Diana Kelley,0
158,organization,MC1,,704138011,0
349,company,MC1,Country_338740,Estrella de Mar Ltd. Liability Co,0
343,person,MC1,Country_271835,Mrs. Crystal Reyes,0
2024,organization,MC1,,7125,0
2320,organization,MC1,,29167335,0
1833,political_organization,MC1,,428949,0
939,organization,MC1,,833355,0
2688,organization,MC1,,567857349,0
762,person,MC1,Country_415128,Joseph Johnson,0
2980,organization,MC1,,535955126,0
33,person,MC1,Country_271835,Lisa Clay,0
124,organization,MC1,,7298083,0
2766,organization,MC1,,34487,0
1646,organization,MC1,,99661834,0
3086,person,MC1,Country_271835,Hannah Walter,0
1734,person,MC1,Country_271835,Carol Wade,0
1633,person,MC1,Country_271835,Ms. Brittany Murray,0
2154,person,MC1,Country_271835,Kathleen Benitez,0
1417,person,MC1,Helvoris,Amber Sharp,0
1967,organization,MC1,,80276549,0
1837,person,MC1,Country_271835,Adriana Rhodes,0
2798,person,MC1,Country_271835,Nicole Marshall,0
2764,person,MC1,Country_271835,Donna Davis,0
1419,organization,MC1,,497,0
1947,person,MC1,Country_271835,Daniel Henderson,0
908,organization,MC1,,4698,0
642,organization,MC1,,802113,0
1439,organization,MC1,,26978247,0
1134,organization,MC1,,977,0
1834,political_organization,MC1,,838200939,0
229,organization,MC1,,94,0
3016,organization,MC1,,5246016,0
3057,person,MC1,Country_271835,Cody Lewis,0
2162,person,MC1,Country_271835,Andrew Torres,0
1673,person,MC1,Country_271835,Benjamin Barton,0
1009,person,MC1,Country_271835,Lisa Foster,0
2532,person,MC1,Country_271835,Jeffrey Reed,0
2127,person,MC1,Country_271835,Jennifer Johnson,0
556,organization,MC1,,3601920,0
2820,person,MC1,Country_271835,Megan Gonzales,0
2939,person,MC1,Country_271835,James Andrews,0
1924,person,MC1,Country_271835,Carla Perkins,0
1313,person,MC1,Country_271835,Scott Solis,0
2881,person,MC1,Country_271835,Martin Jones,0
1196,company,MC1,Country_271835,OceanFront Foods Co Beach,0
2523,person,MC1,Country_271835,William Daniel,0
3059,person,MC1,Country_271835,Chris Booth,0
493,person,MC1,Country_271835,Diana Brandt,0
1864,organization,MC1,,408603,0
1209,organization,MC1,,458785,0
2613,organization,MC1,,176729,0
2604,person,MC1,Country_271835,Rachel Arnold,0
1302,person,MC1,Country_271835,Amanda Becker,0
898,organization,MC1,,341853,0
2679,person,MC1,Country_271835,Patricia Hunter,0
3115,company,MC1,Country_286580,AquaFresh Foods CJSC -,0
3101,person,MC1,Country_271835,Curtis Grant,0
1742,person,MC1,Country_271835,Kevin Moreno,0
2399,person,MC1,Country_271835,Grace Perez,0
2924,organization,MC1,,440,0
2639,organization,MC1,,28138,0
834,organization,MC1,,56126935,0
1401,person,MC1,Country_271835,Monique Rios,0
378,organization,MC1,,31,0
1905,organization,MC1,,2658,0
2091,person,MC1,Country_271835,Michelle Long,0
1149,person,MC1,Country_271835,Andrew Miller,0
2646,person,MC1,Country_271835,Cassandra Stanley,0
1729,person,MC1,Country_271835,Robert Goodman,0
1755,person,MC1,Country_271835,Joshua Roberts,0
2721,organization,MC1,,959344,0
1273,person,MC1,Country_271835,Charles Hart,0
391,organization,MC1,,40213337,0
74,organization,MC1,,750975,0
2355,organization,MC1,,5700,0
1948,person,MC1,Country_271835,Joseph Smith,0
2180,organization,MC1,,245484,0
721,political_organization,MC1,,40952,0
401,person,MC1,Country_271835,Michael Nicholson,0
1849,organization,MC1,,2422788,0
1241,person,MC1,Country_271835,Douglas Gillespie,0
1363,person,MC1,Country_271835,Gary Smith,0
2805,person,MC1,Country_271835,Dennis Payne,0
1121,person,MC1,Country_271835,Katelyn Gibson,0
1608,political_organization,MC1,,8651344,0
2440,organization,MC1,,90831,0
1253,organization,MC1,,99985383,0
1952,person,MC1,Country_271835,Darin Torres,0
2670,organization,MC1,,96049794,0
484,organization,MC1,,262157542,0
2863,person,MC1,Country_271835,Rebecca Jordan,0
861,person,MC1,Country_271835,Robert Adams,0
1427,person,MC1,Country_271835,Kimberly Roberts,0
3036,organization,MC1,,60197861,0
1062,organization,MC1,,9992346,0
811,organization,MC1,,31894357,0
219,organization,MC1,,9203,0
376,organization,MC1,,9699687,0
499,organization,MC1,,36295,0
408,organization,MC1,,812740593,0
2001,organization,MC1,,884332,0
615,political_organization,MC1,,2633692,0
1114,organization,MC1,,64124835,0
2784,organization,MC1,,69007292,0
1478,person,MC1,Country_271835,Gregory Carter,0
2082,organization,MC1,,845,0
582,organization,MC1,,366,0
658,person,MC1,Country_271835,Donna Shepherd,0
574,company,MC1,Country_271835,Jammu & Kashmir Ltd Family,0
260,organization,MC1,,8412071,0
355,organization,MC1,,87940,0
1431,person,MC1,Country_271835,Nichole Kline,0
700,person,MC1,Country_271835,Isaiah Hammond,0
1163,person,MC1,Country_271835,Marvin White,0
1578,organization,MC1,,779,0
2140,person,MC1,Country_271835,Stephanie Wiley,0
110,person,MC1,Nalakond,Derek Burke,0
2489,person,MC1,Country_271835,Richard Adams,0
1968,organization,MC1,,89,0
242,organization,MC1,,28,0
2701,organization,MC1,,359755772,0
2844,organization,MC1,,5199,0
170,person,MC1,Vesperanda,Ms. Stephanie Rivera DDS,0
907,organization,MC1,,14,0
2514,person,MC1,Country_746165,Timothy Hampton,0
2331,person,MC1,Oceanterra,Timothy Benjamin,0
629,person,MC1,Country_271835,George Ramirez,0
706,organization,MC1,,43685541,0
1509,person,MC1,Country_271835,William James,0
1175,organization,MC1,,461553,0
1435,person,MC1,Country_271835,Zachary Jordan,0
2327,organization,MC1,,6070651,0
846,person,MC1,Marebak,Melissa Gonzales,0
1602,person,MC1,Country_271835,Madeline Collins,0
1662,organization,MC1,,945632766,0
312,person,MC1,Oceanus,Bryce Baker,0
1394,person,MC1,Country_271835,Meghan Kim,0
1664,organization,MC1,,80737369,0
816,political_organization,MC1,,981038,0
887,organization,MC1,,70,0
1199,organization,MC1,,23636990,0
52,organization,MC1,,860067396,0
1047,person,MC1,Country_271835,Anna Turner,0
716,person,MC1,Polarisdom,Christina Olsen,0
1058,person,MC1,Country_271835,Mary Jenkins,0
1862,organization,MC1,,620019,0
2112,organization,MC1,,2362,0
2460,person,MC1,Country_821432,Patrick Torres,0
1556,person,MC1,Country_271835,Mary Montoya,0
255,organization,MC1,,15910405,0
1675,organization,MC1,,6980,0
1842,organization,MC1,,61,0
2318,organization,MC1,,8453714,0
1348,person,MC1,Country_271835,Lisa Payne,0
374,organization,MC1,,46510923,0
928,person,MC1,Country_271835,Kathy Rodriguez,0
1160,company,MC1,Country_283574,Dry Creek Marine sanctuary,0
2015,organization,MC1,,52193,0
1795,organization,MC1,,34731154,0
1904,organization,MC1,,98631,0
803,person,MC1,Country_271835,Amanda Mitchell,0
297,organization,MC1,,959,0
507,organization,MC1,,60253,0
831,organization,MC1,,33681303,0
238,person,MC1,Syrithania,Ashley Davis,0
1637,person,MC1,Country_271835,Sara Waller,0
3042,person,MC1,Country_271835,Amanda Clayton,0
325,organization,MC1,,9488645,0
1256,person,MC1,Country_271835,Susan Hodges,0
2682,person,MC1,Country_271835,Dale Chandler,0
579,organization,MC1,,35683821,0
2084,person,MC1,Country_271835,Laura Hughes,0
1804,person,MC1,Country_712875,Wendy Miller,0
924,location,MC1,,67a59fab-710a-4992-b6d0-d581fd9dceba,0
2402,person,MC1,Country_271835,Tammy Martin,0
663,organization,MC1,,49729,0
1059,political_organization,MC1,,75835980,0
1334,person,MC1,Country_271835,Scott Wallace,0
1589,organization,MC1,,700,0
829,person,MC1,Country_271835,Parker Jones,0
360,person,MC1,Country_271835,Jonathan Smith,0
1922,organization,MC1,,903574229,0
958,organization,MC1,,65,0
1828,person,MC1,Country_198078,Angela Navarro,0
553,organization,MC1,,43,0
1496,organization,MC1,,47698,0
1669,organization,MC1,,73921,0
151,person,MC1,Country_271835,Anne Anderson,0
1093,person,MC1,Country_271835,Stephen Gutierrez,0
418,person,MC1,Country_271835,Stephanie Garner,0
180,person,MC1,Country_271835,Timothy Allen,0
3072,person,MC1,Country_271835,Susan Mendoza,0
1056,organization,MC1,,2508,0
2525,person,MC1,Country_271835,Jeremy Jarvis,0
858,company,MC1,Marebak,Diao er Ltd. Corporation Transport,0
2128,person,MC1,Country_271835,Jeffrey Mills,0
2379,person,MC1,Country_271835,Gabrielle Wade,0
1875,vessel,MC1,,Perch,0
1471,organization,MC1,,4877,0
1304,person,MC1,Country_271835,Nicholas Dennis,0
1130,person,MC1,Country_271835,Scott Wright,0
2870,person,MC1,Country_271835,Warren Schwartz,0
2580,company,MC1,Country_271835,SeaSelect Foods Corp Dry dock,0
2985,person,MC1,Country_271835,Kenneth Fox,0
384,organization,MC1,,83818120,0
2277,organization,MC1,,52134252,0
2896,organization,MC1,,687878,0
646,person,MC1,Country_271835,Virginia Carter,0
188,organization,MC1,,185106,0
2310,organization,MC1,,4356,0
1813,organization,MC1,,520673,0
2611,person,MC1,Country_271835,Nathan Murray,0
485,organization,MC1,,46194,0
2472,company,MC1,Country_271835,Congo Rapids  Marine sanctuary GmbH & Co. KG Marine sanctuary,0
703,organization,MC1,,79538,0
580,person,MC1,Country_895471,Morgan Bell,0
581,organization,MC1,,1465792,0
2540,person,MC1,Country_271835,Tammy Garcia,0
2087,person,MC1,Country_271835,Kelsey Tucker,0
1639,person,MC1,Country_271835,Daniel Middleton,0
1158,organization,MC1,,272735814,0
2719,organization,MC1,,4711730,0
1259,person,MC1,Country_271835,Sabrina Zamora,0
2548,person,MC1,Country_271835,Brian Dennis,0
1380,organization,MC1,,82462633,0
1214,organization,MC1,,891,0
1445,person,MC1,Syrithania,Mrs. Melinda Richardson,0
990,company,MC1,Country_271835,xu y Ltd. Corporation,0
2333,person,MC1,Oceanterra,Anna Ortiz,0
1570,organization,MC1,,25,0
798,person,MC1,Country_981995,Kenneth Jones,0
2791,person,MC1,Country_271835,Deborah Carson,0
1236,person,MC1,Country_271835,Marie Lee,0
1699,person,MC1,Country_271835,Roger Smith,0
2813,person,MC1,Country_271835,Lauren Sanchez,0
1969,organization,MC1,,35282,0
364,organization,MC1,,672,0
2901,person,MC1,Country_271835,Noah Mitchell,0
1980,organization,MC1,,4627,0
1088,organization,MC1,,693436,0
482,organization,MC1,,579919,0
2470,organization,MC1,,2810009,0
1955,company,MC1,Country_342065,The Salty Pearl River S.p.A. Export,0
1670,company,MC1,Country_271835,Khundu Ltd. Liability Co,0
2767,organization,MC1,,83951569,0
2458,person,MC1,Country_271835,Aaron Bennett,0
541,person,MC1,Country_271835,Mr. Thomas Johnson DDS,0
1019,organization,MC1,,3887,0
847,organization,MC1,,496391,0
2315,person,MC1,Country_54147,Michael Johnson,0
90,organization,MC1,,265700083,0
1798,organization,MC1,,8967466,0
2383,person,MC1,Country_271835,Austin Simpson,0
2718,person,MC1,Country_271835,Jose Parker,0
1112,person,MC1,Country_271835,Robert Lewis,0
2559,organization,MC1,,869882172,0
340,organization,MC1,,28064,0
2624,organization,MC1,,3641,0
394,organization,MC1,,7505050,0
1270,person,MC1,Country_948318,Robert Nguyen,0
2485,organization,MC1,,9550,0
532,person,MC1,Country_271835,Angela Wheeler,0
